Label,Title,Link,Media,Date
0,"Cardano Stablecoin Protocol, Ardana Raises $10m In Funding Round",https://www.investing.com/news/cryptocurrency-news/2/news/cryptocurrency-news/cardano-stablecoin-protocol-ardana-raises-10m-in-funding-round-2661572,CoinQuora,"Oct 30, 2021"
0,Huobi closes crypto derivatives as part of wind-down for Chinese traders,https://www.investing.com/news/cryptocurrency-news/2/news/cryptocurrency-news/huobi-closes-crypto-derivatives-as-part-of-winddown-for-chinese-traders-2661570,Cointelegraph,"Oct 30, 2021"
0,Good News! Dvision Metaverse Is Officially Launching on November 1,https://www.investing.com/news/cryptocurrency-news/2/news/cryptocurrency-news/good-news-dvision-metaverse-is-officially-launching-on-november-1-2661566,CoinQuora,"Oct 30, 2021"
1,Dallas Mavericks fan wins $100k in Bitcoin at NBA shootout event,https://www.investing.com/news/cryptocurrency-news/2/news/cryptocurrency-news/dallas-mavericks-fan-wins-100k-in-bitcoin-at-nba-shootout-event-2661565,Cointelegraph,"Oct 30, 2021"
0,Breaking: Hackers Exploit El Salvador’s Chivo BTC Wallet’s Setup Process,https://www.investing.com/news/cryptocurrency-news/2/news/cryptocurrency-news/breaking-hackers-exploit-el-salvadors-chivo-btc-wallets-setup-process-2661561,CoinQuora,"Oct 30, 2021"
0,Australian securities regulator issues guidelines for crypto ETPs,https://www.investing.com/news/cryptocurrency-news/2/news/cryptocurrency-news/australian-securities-regulator-issues-guidelines-for-crypto-etps-2661554,Cointelegraph,"Oct 30, 2021"
0,Biggest Bitcoin fund in the world could become ETF by July as GBTC nears $40B AUM,https://www.investing.com/news/cryptocurrency-news/2/news/cryptocurrency-news/biggest-bitcoin-fund-in-the-world-could-become-etf-by-july-as-gbtc-nears-40b-aum-2661551,Cointelegraph,"Oct 30, 2021"
0,Bitcoin eyes third weekly close above $60K as Ethereum fuels new altcoin market cap record,https://www.investing.com/news/cryptocurrency-news/2/news/cryptocurrency-news/bitcoin-eyes-third-weekly-close-above-60k-as-ethereum-fuels-new-altcoin-market-cap-record-2661549,Cointelegraph,"Oct 30, 2021"
0,Shiba Inu now accepted as payment at a French bistro in Paris,https://www.investing.com/news/cryptocurrency-news/2/news/cryptocurrency-news/shiba-inu-now-accepted-as-payment-at-a-french-bistro-in-paris-2661547,Cointelegraph,"Oct 30, 2021"
0,Is the Metaverse as Friendly as We Imagine It?,https://www.investing.com/news/cryptocurrency-news/2/news/cryptocurrency-news/is-the-metaverse-as-friendly-as-we-imagine-it-2661546,DailyCoin,"Oct 30, 2021"
0,"Don’t Stifle Crypto Innovation, Says US Senator Hagerty to CFPB Director",https://www.investing.com/news/cryptocurrency-news/2/news/cryptocurrency-news/dont-stifle-crypto-innovation-says-us-senator-hagerty-to-cfpb-director-2661536,CoinQuora,"Oct 30, 2021"
1,"Russian crypto market worth $500B despite bad regulation, says exec",https://www.investing.com/news/cryptocurrency-news/2/news/cryptocurrency-news/russian-crypto-market-worth-500b-despite-bad-regulation-says-exec-2661530,Cointelegraph,"Oct 30, 2021"
0,Dogelon Bullish and Raises Above 100%,https://www.investing.com/news/cryptocurrency-news/2/news/cryptocurrency-news/dogelon-bullish-and-raises-above-100-2661521,CoinQuora,"Oct 30, 2021"
0,Major Indonesian Islamic organization declares crypto ‘haram’ — Or forbidden,https://www.investing.com/news/cryptocurrency-news/2/news/cryptocurrency-news/major-indonesian-islamic-organization-declares-crypto-haram--or-forbidden-2661519,Cointelegraph,"Oct 30, 2021"
-1,Fight over Greenidge miner's legal threats to activists over ‘false' claims ,https://www.investing.com/news/cryptocurrency-news/2/news/cryptocurrency-news/fight-over-greenidge-miners-legal-threats-to-activists-over-false-claims-2661515,Cointelegraph,"Oct 30, 2021"
0,Immersive cooling tech could help Bitcoin mining go green by 2030 ,https://www.investing.com/news/cryptocurrency-news/2/news/cryptocurrency-news/immersive-cooling-tech-could-help-bitcoin-mining-go-green-by-2030-2661512,Cointelegraph,"Oct 30, 2021"
0,Ethereum hits new ATH after Altair upgrade shows clear path to the merge ,https://www.investing.com/news/cryptocurrency-news/2/news/cryptocurrency-news/ethereum-hits-new-ath-after-altair-upgrade-shows-clear-path-to-the-merge-2661511,Cointelegraph,"Oct 30, 2021"
0,The Psychology of Buying Into Crypto,https://www.investing.com/news/cryptocurrency-news/3/news/cryptocurrency-news/the-psychology-of-buying-into-crypto-2661507,DailyCoin,"Oct 30, 2021"
0,Cathie Wood’s Ark snaps up $80M Robinhood shares after crypto led price dip,https://www.investing.com/news/cryptocurrency-news/3/news/cryptocurrency-news/cathie-woods-ark-snaps-up-80m-robinhood-shares-after-crypto-led-price-dip-2661505,Cointelegraph,"Oct 30, 2021"
0,"MicroStrategy added 9K BTC last quarter, its stash is now worth $7 billion ",https://www.investing.com/news/cryptocurrency-news/3/news/cryptocurrency-news/microstrategy-added-9k-btc-last-quarter-its-stash-is-now-worth-7-billion-2661504,Cointelegraph,"Oct 29, 2021"
1,Memecoin mania triggers triple-digit gains from Binance Smart Chain-based altcoins,https://www.investing.com/news/cryptocurrency-news/3/news/cryptocurrency-news/memecoin-mania-triggers-tripledigit-gains-from-binance-smart-chainbased-altcoins-2661493,Cointelegraph,"Oct 29, 2021"
0,"Shanghai Man: Inside Blockchain Week’s private parties, Vitalik’s speech, and Gate.io climbs the ranks",https://www.investing.com/news/cryptocurrency-news/3/news/cryptocurrency-news/shanghai-man-inside-blockchain-weeks-private-parties-vitaliks-speech-and-gateio-climbs-the-ranks-2661490,Cointelegraph,"Oct 29, 2021"
0,Aavegotchi (GHST) gains 50% as ‘Gotchiverse’ auctions set a path to the Metaverse,https://www.investing.com/news/cryptocurrency-news/3/news/cryptocurrency-news/aavegotchi-ghst-gains-50-as-gotchiverse-auctions-set-a-path-to-the-metaverse-2661488,Cointelegraph,"Oct 29, 2021"
0,Decentralized design platform Moralis raises $13.4M in seed funding from EQT Ventures,https://www.investing.com/news/cryptocurrency-news/3/news/cryptocurrency-news/decentralized-design-platform-moralis-raises-134m-in-seed-funding-from-eqt-ventures-2661483,Cointelegraph,"Oct 29, 2021"
0,Central Bank of Sri Lanka completes proof-of-concept KYC platform,https://www.investing.com/news/cryptocurrency-news/3/news/cryptocurrency-news/central-bank-of-sri-lanka-completes-proofofconcept-kyc-platform-2661480,Cointelegraph,"Oct 29, 2021"
0,"Altcoin Roundup: Dogecoin, Shiba Inu and memes are hauling the dogsled to mass adoption",https://www.investing.com/news/cryptocurrency-news/3/news/cryptocurrency-news/altcoin-roundup-dogecoin-shiba-inu-and-memes-are-hauling-the-dogsled-to-mass-adoption-2661479,Cointelegraph,"Oct 29, 2021"
0,US Senator Hagerty to CFPB Director: Don’t Stifle Crypto Innovation ,https://www.investing.com/news/cryptocurrency-news/3/news/cryptocurrency-news/us-senator-hagerty-to-cfpb-director-dont-stifle-crypto-innovation-2661474,Cointelegraph,"Oct 29, 2021"
0,DeFi protocol Aave encounters major capital flight ,https://www.investing.com/news/cryptocurrency-news/3/news/cryptocurrency-news/defi-protocol-aave-encounters-major-capital-flight-2661468,Cointelegraph,"Oct 29, 2021"
1,Blockchain platform Alchemy raises 250M in Series C led by Andreessen Horowitz ,https://www.investing.com/news/cryptocurrency-news/3/news/cryptocurrency-news/blockchain-platform-alchemy-raises-250m-in-series-c-led-by-andreessen-horowitz-2661467,Cointelegraph,"Oct 29, 2021"
0,"Users unable to liquidate Squid Game token amid 45,000% gain",https://www.investing.com/news/cryptocurrency-news/3/news/cryptocurrency-news/users-unable-to-liquidate-squid-game-token-amid-45000-gain-2661466,BTC Peers,"Oct 29, 2021"
0,AMC Theatres CEO considers adding Shiba Inu as payment for ticket purchases ,https://www.investing.com/news/cryptocurrency-news/3/news/cryptocurrency-news/amc-theatres-ceo-considers-adding-shiba-inu-as-payment-for-ticket-purchases-2661463,Cointelegraph,"Oct 29, 2021"
-1,Mastercard is preparing its infrastructure for the deployment of CBDCs,https://www.investing.com/news/cryptocurrency-news/3/news/cryptocurrency-news/mastercard-is-preparing-its-infrastructure-for-the-deployment-of-cbdcs-2661452,Cointelegraph,"Oct 29, 2021"
0,Kazakhstan expects at least $1.5B in economic activity from crypto mining within 5 years,https://www.investing.com/news/cryptocurrency-news/3/news/cryptocurrency-news/kazakhstan-expects-at-least-15b-in-economic-activity-from-crypto-mining-within-5-years-2661427,Cointelegraph,"Oct 29, 2021"
0,"MicroStrategy acquired 9,000 BTC last quarter, now holds $7 billion worth of Bitcoin",https://www.investing.com/news/cryptocurrency-news/3/news/cryptocurrency-news/microstrategy-acquired-9000-btc-last-quarter-now-holds-7-billion-worth-of-bitcoin-2661380,BTC Peers,"Oct 29, 2021"
0,Cardano stablecoin protocol Ardana raises $10M in latest funding round,https://www.investing.com/news/cryptocurrency-news/4/news/cryptocurrency-news/cardano-stablecoin-protocol-ardana-raises-10m-in-latest-funding-round-2661367,Cointelegraph,"Oct 29, 2021"
0,Ethereum sets new ATH as Altair upgrade goes live,https://www.investing.com/news/cryptocurrency-news/4/news/cryptocurrency-news/ethereum-sets-new-ath-as-altair-upgrade-goes-live-2661360,BTC Peers,"Oct 29, 2021"
0,Facebook rebrands to Meta as it intensifies blockchain efforts,https://www.investing.com/news/cryptocurrency-news/4/news/cryptocurrency-news/facebook-rebrands-to-meta-as-it-intensifies-blockchain-efforts-2661359,BTC Peers,"Oct 29, 2021"
1,"Price analysis 10/29: BTC, ETH, BNB, ADA, SOL, XRP, DOT, DOGE, SHIB, LUNA",https://www.investing.com/news/cryptocurrency-news/4/news/cryptocurrency-news/price-analysis-1029-btc-eth-bnb-ada-sol-xrp-dot-doge-shib-luna-2661321,Cointelegraph,"Oct 29, 2021"
0,Rally founders launch crypto venture studio backed by a16z partner ,https://www.investing.com/news/cryptocurrency-news/4/news/cryptocurrency-news/rally-founders-launch-crypto-venture-studio-backed-by-a16z-partner-2661255,Cointelegraph,"Oct 29, 2021"
0,The future of longevity lies with digital currency visionaries,https://www.investing.com/news/cryptocurrency-news/4/news/cryptocurrency-news/the-future-of-longevity-lies-with-digital-currency-visionaries-2661222,Cointelegraph,"Oct 29, 2021"
0,Ubisoft will seek to invest in and create blockchain games ,https://www.investing.com/news/cryptocurrency-news/4/news/cryptocurrency-news/ubisoft-will-seek-to-invest-in-and-create-blockchain-games-2661188,Cointelegraph,"Oct 29, 2021"
0,"Weekly Crypto Gaming News – Valve, Steam, GameStop, Halloween NFTs, GAMEE’s Arc8 on iOS and Android, Thetan Arena on PC",https://www.investing.com/news/cryptocurrency-news/4/news/cryptocurrency-news/weekly-crypto-gaming-news--valve-steam-gamestop-halloween-nfts-gamees-arc8-on-ios-and-android-thetan-arena-on-pc-2661170,DailyCoin,"Oct 29, 2021"
0,Crypto lending firms on the hot seat: New regulations are coming?,https://www.investing.com/news/cryptocurrency-news/4/news/cryptocurrency-news/crypto-lending-firms-on-the-hot-seat-new-regulations-are-coming-2661165,Cointelegraph,"Oct 29, 2021"
0,"Finance Redefined: Near’s $800M fund, Miami embraces crypto, Oct. 22–29 ",https://www.investing.com/news/cryptocurrency-news/4/news/cryptocurrency-news/finance-redefined-nears-800m-fund-miami-embraces-crypto-oct-2229-2661143,Cointelegraph,"Oct 29, 2021"
0,Decentraland’s MANA Stays Bullish Over the Last 24 Hours,https://www.investing.com/news/cryptocurrency-news/4/news/cryptocurrency-news/decentralands-mana-stays-bullish-over-the-last-24-hours-2661065,CoinQuora,"Oct 29, 2021"
1,"Users unable to sell Squid Game token clocking 45,000% gains",https://www.investing.com/news/cryptocurrency-news/4/news/cryptocurrency-news/users-unable-to-sell-squid-game-token-clocking-45000-gains-2661032,Cointelegraph,"Oct 29, 2021"
0,Price Prediction for Bitcoin. Is $100K or Beyond Possible?,https://www.investing.com/news/cryptocurrency-news/4/news/cryptocurrency-news/price-prediction-for-bitcoin-is-100k-or-beyond-possible-2661015,DailyCoin,"Oct 29, 2021"
0,NewsCrypto: Polygon Bridge Is Now Live on Mainnet With Chainlink Integration,https://www.investing.com/news/cryptocurrency-news/4/news/cryptocurrency-news/newscrypto-polygon-bridge-is-now-live-on-mainnet-with-chainlink-integration-2661014,CoinQuora,"Oct 29, 2021"
-1,"Axie Infinity, Decentraland and ‘metaverse’ cryptos rally after Facebook rebrands to Meta",https://www.investing.com/news/cryptocurrency-news/4/news/cryptocurrency-news/axie-infinity-decentraland-and-metaverse-cryptos-rally-after-facebook-rebrands-to-meta-2660993,Cointelegraph,"Oct 29, 2021"
0,Major Russian bank explores crypto investment amid strong demand,https://www.investing.com/news/cryptocurrency-news/4/news/cryptocurrency-news/major-russian-bank-explores-crypto-investment-amid-strong-demand-2660914,Cointelegraph,"Oct 29, 2021"
0,P2E Project Good Games Guild Raises $1.7M in Funds,https://www.investing.com/news/cryptocurrency-news/4/news/cryptocurrency-news/p2e-project-good-games-guild-raises-17m-in-funds-2660896,CoinQuora,"Oct 29, 2021"
0,Huobi closes crypto derivatives as part of wind-down for Chinese traders,https://www.investing.com/news/cryptocurrency-news/5/news/cryptocurrency-news/huobi-closes-crypto-derivatives-as-part-of-winddown-for-chinese-traders-2660873,Cointelegraph,"Oct 29, 2021"
0,​​GameStop Looks into Decentralization,https://www.investing.com/news/cryptocurrency-news/5/news/cryptocurrency-news/gamestop-looks-into-decentralization-2660785,DailyCoin,"Oct 29, 2021"
0,Biggest Bitcoin fund in the world could become ETF by July as GBTC nears $40B AUM,https://www.investing.com/news/cryptocurrency-news/5/news/cryptocurrency-news/biggest-bitcoin-fund-in-the-world-could-become-etf-by-july-as-gbtc-nears-40b-aum-2660652,Cointelegraph,"Oct 29, 2021"
1,"EverGrow Reaches 45K Holders, Is EGC the Next Shiba Inu and Dogecoin?",https://www.investing.com/news/cryptocurrency-news/5/news/cryptocurrency-news/evergrow-reaches-45k-holders-is-egc-the-next-shiba-inu-and-dogecoin-2660627,CoinQuora,"Oct 29, 2021"
0,Australian securities regulator issues guidelines for crypto ETPs,https://www.investing.com/news/cryptocurrency-news/5/news/cryptocurrency-news/australian-securities-regulator-issues-guidelines-for-crypto-etps-2660622,Cointelegraph,"Oct 29, 2021"
0,Dogs of war – Shiba Inu and Dogecoin battle for Dog-based crypto supremacy,https://www.investing.com/news/cryptocurrency-news/5/news/cryptocurrency-news/dogs-of-war--shiba-inu-and-dogecoin-battle-for-dogbased-crypto-supremacy-2660680,Investing.com,"Oct 29, 2021"
0,The Bitcoin Bull Market: The Second Leg,https://www.investing.com/news/cryptocurrency-news/5/news/cryptocurrency-news/the-bitcoin-bull-market-the-second-leg-2660576,DailyCoin,"Oct 29, 2021"
0,Metaverse Games SpaceY 2025 and Star Atlas are Innovating the Industry,https://www.investing.com/news/cryptocurrency-news/5/news/cryptocurrency-news/metaverse-games-spacey-2025-and-star-atlas-are-innovating-the-industry-2660575,CoinQuora,"Oct 29, 2021"
0,"CryptoPunk’s NFT Sells for Half a Billion Dollars, Causes Uproar",https://www.investing.com/news/cryptocurrency-news/5/news/cryptocurrency-news/cryptopunks-nft-sells-for-half-a-billion-dollars-causes-uproar-2660515,CoinQuora,"Oct 29, 2021"
0,"Russian crypto market worth $500B despite bad regulation, says exec",https://www.investing.com/news/cryptocurrency-news/5/news/cryptocurrency-news/russian-crypto-market-worth-500b-despite-bad-regulation-says-exec-2660426,Cointelegraph,"Oct 29, 2021"
0,Wharton UPenn Will Accept Tuition Payment in Cryptocurrencies,https://www.investing.com/news/cryptocurrency-news/5/news/cryptocurrency-news/wharton-upenn-will-accept-tuition-payment-in-cryptocurrencies-2660409,DailyCoin,"Oct 29, 2021"
1,XDEFI Wallet Unveils Integration with Terra and Announces Liquidity Program on Pylon Protocol to Support The Terra Ecosystem,https://www.investing.com/news/cryptocurrency-news/5/news/cryptocurrency-news/xdefi-wallet-unveils-integration-with-terra-and-announces-liquidity-program-on-pylon-protocol-to-support-the-terra-ecosystem-2660371,DailyCoin,"Oct 29, 2021"
0,"Scallop Announces Its Flexible Staking Platform, SCLP Listed On Kucoin, PancakeSwap and Gate.io",https://www.investing.com/news/cryptocurrency-news/5/news/cryptocurrency-news/scallop-announces-its-flexible-staking-platform-sclp-listed-on-kucoin-pancakeswap-and-gateio-2660370,DailyCoin,"Oct 29, 2021"
0,"Ethereum Hits a New Milestone, Signaling a New Wave for ETH",https://www.investing.com/news/cryptocurrency-news/5/news/cryptocurrency-news/ethereum-hits-a-new-milestone-signaling-a-new-wave-for-eth-2660369,CoinQuora,"Oct 29, 2021"
-1,Major Indonesian Islamic organization declares crypto 'haram' — or forbidden,https://www.investing.com/news/cryptocurrency-news/5/news/cryptocurrency-news/major-indonesian-islamic-organization-declares-crypto-haram--or-forbidden-2660362,Cointelegraph,"Oct 29, 2021"
0,Fight over Greenidge miner's legal threats to activists over ‘false' claims ,https://www.investing.com/news/cryptocurrency-news/5/news/cryptocurrency-news/fight-over-greenidge-miners-legal-threats-to-activists-over-false-claims-2660348,Cointelegraph,"Oct 29, 2021"
0,TradeStars brings a Revolutionary Fantasy Sports Platform for you to Play to Earn this T20I Cricket World Cup,https://www.investing.com/news/cryptocurrency-news/5/news/cryptocurrency-news/tradestars-brings-a-revolutionary-fantasy-sports-platform-for-you-to-play-to-earn-this-t20i-cricket-world-cup-2660336,CoinQuora,"Oct 29, 2021"
0,"THORChain (RUNE): Price Updates, Recent Developments, Future Events, Community",https://www.investing.com/news/cryptocurrency-news/6/news/cryptocurrency-news/thorchain-rune-price-updates-recent-developments-future-events-community-2660291,DailyCoin,"Oct 29, 2021"
0,Immersive cooling tech could help Bitcoin mining go green by 2030 ,https://www.investing.com/news/cryptocurrency-news/6/news/cryptocurrency-news/immersive-cooling-tech-could-help-bitcoin-mining-go-green-by-2030-2660285,Cointelegraph,"Oct 29, 2021"
0,Ethereum hits new ATH after Altair upgrade shows clear path to the merge ,https://www.investing.com/news/cryptocurrency-news/6/news/cryptocurrency-news/ethereum-hits-new-ath-after-altair-upgrade-shows-clear-path-to-the-merge-2660277,Cointelegraph,"Oct 29, 2021"
1,Crypto.com Launches a Campaign To Introduce Its Platform to the World,https://www.investing.com/news/cryptocurrency-news/6/news/cryptocurrency-news/cryptocom-launches-a-campaign-to-introduce-its-platform-to-the-world-2660272,CoinQuora,"Oct 29, 2021"
0,Cathie Wood's ARK snaps up $80M Robinhood shares after crypto led price dip,https://www.investing.com/news/cryptocurrency-news/6/news/cryptocurrency-news/cathie-woods-ark-snaps-up-80m-robinhood-shares-after-crypto-led-price-dip-2660243,Cointelegraph,"Oct 29, 2021"
0,"MicroStrategy added 9,000 BTC last quarter, its stash is now worth $7 billion ",https://www.investing.com/news/cryptocurrency-news/6/news/cryptocurrency-news/microstrategy-added-9000-btc-last-quarter-its-stash-is-now-worth-7-billion-2660235,Cointelegraph,"Oct 28, 2021"
0,XRP Climbs 10% In a Green Day,https://www.investing.com/news/cryptocurrency-news/6/news/cryptocurrency-news/xrp-climbs-10-in-a-green-day-2660192,Investing.com,"Oct 28, 2021"
0,"Bitcoin hodling rate reaches 9-month high, boosting hopes of 'bull flag' rally to $70K",https://www.investing.com/news/cryptocurrency-news/6/news/cryptocurrency-news/bitcoin-hodling-rate-reaches-9month-high-boosting-hopes-of-bull-flag-rally-to-70k-2660181,Cointelegraph,"Oct 28, 2021"
0,Meme coin mania triggers triple-digit gains from Binance Smart Chain-based altcoins,https://www.investing.com/news/cryptocurrency-news/6/news/cryptocurrency-news/meme-coin-mania-triggers-tripledigit-gains-from-binance-smart-chainbased-altcoins-2660170,Cointelegraph,"Oct 28, 2021"
0,Ethereum Climbs 11% In Rally,https://www.investing.com/news/cryptocurrency-news/6/news/cryptocurrency-news/ethereum-climbs-11-in-rally-2660164,Investing.com,"Oct 28, 2021"
0,Ethereum Climbs 10% In Rally,https://www.investing.com/news/cryptocurrency-news/6/news/cryptocurrency-news/ethereum-climbs-10-in-rally-2660163,Investing.com,"Oct 28, 2021"
1,"Shanghai Man: Inside Blockchain Week’s private parties, Vitalik’s speech, and Gate.io climbs the ranks",https://www.investing.com/news/cryptocurrency-news/6/news/cryptocurrency-news/shanghai-man-inside-blockchain-weeks-private-parties-vitaliks-speech-and-gateio-climbs-the-ranks-2660159,Cointelegraph,"Oct 28, 2021"
0,Voyager Digital announces $75M strategic investment from Alameda Research,https://www.investing.com/news/cryptocurrency-news/6/news/cryptocurrency-news/voyager-digital-announces-75m-strategic-investment-from-alameda-research-2660154,Cointelegraph,"Oct 28, 2021"
0,3 reasons why Curve (CRV) price is trending toward a new 1-year high,https://www.investing.com/news/cryptocurrency-news/6/news/cryptocurrency-news/3-reasons-why-curve-crv-price-is-trending-toward-a-new-1year-high-2660146,Cointelegraph,"Oct 28, 2021"
-1,Central Bank of Sri Lanka completes proof-of-concept KYC platform,https://www.investing.com/news/cryptocurrency-news/6/news/cryptocurrency-news/central-bank-of-sri-lanka-completes-proofofconcept-kyc-platform-2660138,Cointelegraph,"Oct 28, 2021"
0,Decentralized design platform Moralis raises $13.4M in seed funding from EQT Ventures,https://www.investing.com/news/cryptocurrency-news/6/news/cryptocurrency-news/decentralized-design-platform-moralis-raises-134m-in-seed-funding-from-eqt-ventures-2660130,Cointelegraph,"Oct 28, 2021"
0,More than 40 digital currency ETFs await US regulatory approval,https://www.investing.com/news/cryptocurrency-news/6/news/cryptocurrency-news/more-than-40-digital-currency-etfs-await-us-regulatory-approval-2660120,Cointelegraph,"Oct 28, 2021"
0,Blockchain platform Alchemy raises 250M in Series C led by Andreessen Horowitz ,https://www.investing.com/news/cryptocurrency-news/7/news/cryptocurrency-news/blockchain-platform-alchemy-raises-250m-in-series-c-led-by-andreessen-horowitz-2660116,Cointelegraph,"Oct 28, 2021"
0,Data shows Ethereum bulls expect a new ATH after Friday’s $1.25B ETH options expiry ,https://www.investing.com/news/cryptocurrency-news/7/news/cryptocurrency-news/data-shows-ethereum-bulls-expect-a-new-ath-after-fridays-125b-eth-options-expiry-2660106,Cointelegraph,"Oct 28, 2021"
0,"El Salvador buys the dip, adds nearly $25 million worth of Bitcoin to its stash",https://www.investing.com/news/cryptocurrency-news/7/news/cryptocurrency-news/el-salvador-buys-the-dip-adds-nearly-25-million-worth-of-bitcoin-to-its-stash-2660097,BTC Peers,"Oct 28, 2021"
1,Bitcoin hash rate attains new high as effects on China’s mining ban begins to cool off,https://www.investing.com/news/cryptocurrency-news/7/news/cryptocurrency-news/bitcoin-hash-rate-attains-new-high-as-effects-on-chinas-mining-ban-begins-to-cool-off-2660096,BTC Peers,"Oct 28, 2021"
0,Ivy League Institute adopts crypto for payment of tuition,https://www.investing.com/news/cryptocurrency-news/7/news/cryptocurrency-news/ivy-league-institute-adopts-crypto-for-payment-of-tuition-2660094,BTC Peers,"Oct 28, 2021"
0,Mastercard is preparing its infrastructure for the deployment of CBDCs,https://www.investing.com/news/cryptocurrency-news/7/news/cryptocurrency-news/mastercard-is-preparing-its-infrastructure-for-the-deployment-of-cbdcs-2660090,Cointelegraph,"Oct 28, 2021"
0,LinkedIn reports crypto and blockchain job listings have surged 615% since August 2020,https://www.investing.com/news/cryptocurrency-news/7/news/cryptocurrency-news/linkedin-reports-crypto-and-blockchain-job-listings-have-surged-615-since-august-2020-2660061,Cointelegraph,"Oct 28, 2021"
0,Thailand’s biggest shopping center pilots cryptocurrency payments,https://www.investing.com/news/cryptocurrency-news/7/news/cryptocurrency-news/thailands-biggest-shopping-center-pilots-cryptocurrency-payments-2660052,BTC Peers,"Oct 28, 2021"
0,Coinbase regains #1 position on Apple App Store as Crypto​.com jumps to third ,https://www.investing.com/news/cryptocurrency-news/7/news/cryptocurrency-news/coinbase-regains-1-position-on-apple-app-store-as-cryptocom-jumps-to-third-2659962,Cointelegraph,"Oct 28, 2021"
0,BREAKING: Facebook rebrands to Meta as focus expands beyond social media ,https://www.investing.com/news/cryptocurrency-news/7/news/cryptocurrency-news/breaking-facebook-rebrands-to-meta-as-focus-expands-beyond-social-media-2659907,Cointelegraph,"Oct 28, 2021"
0,Supply chain woes and the growth of Web 3 back OriginTrail’s fresh ATH,https://www.investing.com/news/cryptocurrency-news/7/news/cryptocurrency-news/supply-chain-woes-and-the-growth-of-web-3-back-origintrails-fresh-ath-2659830,Cointelegraph,"Oct 28, 2021"
1,XDEFI Wallet integrates Terra and launches liquidity program,https://www.investing.com/news/cryptocurrency-news/7/news/cryptocurrency-news/xdefi-wallet-integrates-terra-and-launches-liquidity-program-2659745,Cointelegraph,"Oct 28, 2021"
0,Project Serum allocates $100M to liquidity mining ,https://www.investing.com/news/cryptocurrency-news/7/news/cryptocurrency-news/project-serum-allocates-100m-to-liquidity-mining-2659724,Cointelegraph,"Oct 28, 2021"
0,Indian government is reportedly considering regulating crypto as a commodity,https://www.investing.com/news/cryptocurrency-news/7/news/cryptocurrency-news/indian-government-is-reportedly-considering-regulating-crypto-as-a-commodity-2659694,Cointelegraph,"Oct 28, 2021"
-1,Is Bitcoin price mimicking the 2017 bull run? Find out on The Market Report with ETF expert Eric Balchunas,https://www.investing.com/news/cryptocurrency-news/7/news/cryptocurrency-news/is-bitcoin-price-mimicking-the-2017-bull-run-find-out-on-the-market-report-with-etf-expert-eric-balchunas-2659673,Cointelegraph,"Oct 28, 2021"
0,FATF includes DeFi in guidance for crypto service providers,https://www.investing.com/news/cryptocurrency-news/7/news/cryptocurrency-news/fatf-includes-defi-in-guidance-for-crypto-service-providers-2659655,Cointelegraph,"Oct 28, 2021"
0,All Kind of Tanks with Crypto on Blockchain. Is There a Place for World of Tanks?,https://www.investing.com/news/cryptocurrency-news/7/news/cryptocurrency-news/all-kind-of-tanks-with-crypto-on-blockchain-is-there-a-place-for-world-of-tanks-2659642,DailyCoin,"Oct 28, 2021"
0,THORChain concludes 2 security audits following summer exploits ,https://www.investing.com/news/cryptocurrency-news/8/news/cryptocurrency-news/thorchain-concludes-2-security-audits-following-summer-exploits-2659568,Cointelegraph,"Oct 28, 2021"
0,Crypto.com Exchange Integrates With Solana,https://www.investing.com/news/cryptocurrency-news/8/news/cryptocurrency-news/cryptocom-exchange-integrates-with-solana-2659495,CoinQuora,"Oct 28, 2021"
0,"Crypto Aggregator, BitKan, Features Ultimate Grid Trading Bot Strategy",https://www.investing.com/news/cryptocurrency-news/8/news/cryptocurrency-news/crypto-aggregator-bitkan-features-ultimate-grid-trading-bot-strategy-2659493,CoinQuora,"Oct 28, 2021"
1,Dogecoin jumps 44% in one day as traders rotate Shiba Inu profits into DOGE,https://www.investing.com/news/cryptocurrency-news/8/news/cryptocurrency-news/dogecoin-jumps-44-in-one-day-as-traders-rotate-shiba-inu-profits-into-doge-2659487,Cointelegraph,"Oct 28, 2021"
0,Biconomy raises $11.5M through CoinList token sale ,https://www.investing.com/news/cryptocurrency-news/8/news/cryptocurrency-news/biconomy-raises-115m-through-coinlist-token-sale-2659475,Cointelegraph,"Oct 28, 2021"
0,"Hashed-backed DeFi Platform Krystal Debuts Token Launchpad, KrystalGO",https://www.investing.com/news/cryptocurrency-news/8/news/cryptocurrency-news/hashedbacked-defi-platform-krystal-debuts-token-launchpad-krystalgo-2659413,DailyCoin,"Oct 28, 2021"
0,"World’s Fastest Growing Cryptocurrency Platform, Crypto.com, Launches Campaign Introducing Platform to Global Consumers",https://www.investing.com/news/cryptocurrency-news/8/news/cryptocurrency-news/worlds-fastest-growing-cryptocurrency-platform-cryptocom-launches-campaign-introducing-platform-to-global-consumers-2659412,DailyCoin,"Oct 28, 2021"
0,Immutable X Partners With ESL Gaming To Launch A Next Generation NFT Collectible Platform For CS:GO Fans Worldwide,https://www.investing.com/news/cryptocurrency-news/8/news/cryptocurrency-news/immutable-x-partners-with-esl-gaming-to-launch-a-next-generation-nft-collectible-platform-for-csgo-fans-worldwide-2659411,DailyCoin,"Oct 28, 2021"
0,Binance Recruits First Chief Communications Officer As It Continues Evolution Into a Global Financial Institution,https://www.investing.com/news/cryptocurrency-news/8/news/cryptocurrency-news/binance-recruits-first-chief-communications-officer-as-it-continues-evolution-into-a-global-financial-institution-2659379,DailyCoin,"Oct 28, 2021"
0,Crypto exchange Bitfinex testing new AML compliance tool,https://www.investing.com/news/cryptocurrency-news/8/news/cryptocurrency-news/crypto-exchange-bitfinex-testing-new-aml-compliance-tool-2659365,Cointelegraph,"Oct 28, 2021"
0,"XDEFI Wallet Integrates Terra, Partners With Pylon Protocol To Support Terra Ecosystem",https://www.investing.com/news/cryptocurrency-news/8/news/cryptocurrency-news/xdefi-wallet-integrates-terra-partners-with-pylon-protocol-to-support-terra-ecosystem-2659326,CoinQuora,"Oct 28, 2021"
1,Actor Matt Damon plugs Crypto​.com in global TV spot ,https://www.investing.com/news/cryptocurrency-news/8/news/cryptocurrency-news/actor-matt-damon-plugs-cryptocom-in-global-tv-spot-2659321,Cointelegraph,"Oct 28, 2021"
0,Wharton accepts crypto payments for blockchain program tuition fees,https://www.investing.com/news/cryptocurrency-news/8/news/cryptocurrency-news/wharton-accepts-crypto-payments-for-blockchain-program-tuition-fees-2659301,Cointelegraph,"Oct 28, 2021"
0,P2P Marketplace Bistroo Becomes The World’s First Food-Ordering Platform to Embrace Crypto & Blockchain,https://www.investing.com/news/cryptocurrency-news/8/news/cryptocurrency-news/p2p-marketplace-bistroo-becomes-the-worlds-first-foodordering-platform-to-embrace-crypto--blockchain-2659286,DailyCoin,"Oct 28, 2021"
-1,SubQuery Adds Ethereum Virtual Machine (EVM) Functionality in Integration with Moonbeam and Moonriver,https://www.investing.com/news/cryptocurrency-news/8/news/cryptocurrency-news/subquery-adds-ethereum-virtual-machine-evm-functionality-in-integration-with-moonbeam-and-moonriver-2659285,DailyCoin,"Oct 28, 2021"
0,5 Days To Go! COTI Mainnet 2.0 Launch Commences on November 2,https://www.investing.com/news/cryptocurrency-news/8/news/cryptocurrency-news/5-days-to-go-coti-mainnet-20-launch-commences-on-november-2-2659284,CoinQuora,"Oct 28, 2021"
0,Powers On… Why US officials ignore ethics and STOCK Act by trading stocks?,https://www.investing.com/news/cryptocurrency-news/8/news/cryptocurrency-news/powers-on-why-us-officials-ignore-ethics-and-stock-act-by-trading-stocks-2659257,Cointelegraph,"Oct 28, 2021"
0,"Crypto Flipsider News – $700M Bitcoins Liquidated, ETH 2.0 Altair Goes Live, Coinbase Takes Over TikTok, DeFi Cream Finance Suffers $130M Hack",https://www.investing.com/news/cryptocurrency-news/9/news/cryptocurrency-news/crypto-flipsider-news---700m-bitcoins-liquidated-eth-20-altair-goes-live-coinbase-takes-over-tiktok-defi-cream-finance-suffers-130m-hack-2659218,DailyCoin,"Oct 28, 2021"
0,"Big News Is Coming for Bitcoin, Keep Watch on November 16",https://www.investing.com/news/cryptocurrency-news/9/news/cryptocurrency-news/big-news-is-coming-for-bitcoin-keep-watch-on-november-16-2659212,CoinQuora,"Oct 28, 2021"
0,"Eth2’s Altair upgrade goes off smoothly, with 98.7% of nodes now upgraded",https://www.investing.com/news/cryptocurrency-news/9/news/cryptocurrency-news/eth2s-altair-upgrade-goes-off-smoothly-with-987-of-nodes-now-upgraded-2659208,Cointelegraph,"Oct 28, 2021"
1,Polker Announces NFT Giveaway Competition To Celebrate Its Testnet Game Launch,https://www.investing.com/news/cryptocurrency-news/9/news/cryptocurrency-news/polker-announces-nft-giveaway-competition-to-celebrate-its-testnet-game-launch-2659158,CoinQuora,"Oct 28, 2021"
0,"Bistroo Accepts Multiple Cryptos For Payment, F&B; Sector Spellbound",https://www.investing.com/news/cryptocurrency-news/9/news/cryptocurrency-news/bistroo-accepts-multiple-cryptos-for-payment-fb-sector-spellbound-2659157,CoinQuora,"Oct 28, 2021"
0,Thailand’s biggest shopping center trialing digital currency,https://www.investing.com/news/cryptocurrency-news/9/news/cryptocurrency-news/thailands-biggest-shopping-center-trialing-digital-currency-2659123,Cointelegraph,"Oct 28, 2021"
0,"Wolf of Wall Street: Jordan Belfort Raises $422,000 for Charity via NFT Auction",https://www.investing.com/news/cryptocurrency-news/9/news/cryptocurrency-news/wolf-of-wall-street-jordan-belfort-raises-422000-for-charity-via-nft-auction-2659081,CoinQuora,"Oct 28, 2021"
0,Can’t Live Without Oracles,https://www.investing.com/news/cryptocurrency-news/9/news/cryptocurrency-news/cant-live-without-oracles-2659005,DailyCoin,"Oct 28, 2021"
0,Smart Exchange Ecosystem Unizen Doubles Down On Its Advisory Board,https://www.investing.com/news/cryptocurrency-news/9/news/cryptocurrency-news/smart-exchange-ecosystem-unizen-doubles-down-on-its-advisory-board-2658792,DailyCoin,"Oct 28, 2021"
0,Eightcap and BKForex Will Organise One of The Biggest Crypto Trading Events of the Year – CryptoFest 2021,https://www.investing.com/news/cryptocurrency-news/9/news/cryptocurrency-news/eightcap-and-bkforex-will-organise-one-of-the-biggest-crypto-trading-events-of-the-year--cryptofest-2021-2658790,DailyCoin,"Oct 28, 2021"
0,Breaking: Portal Announces Mid-November Public Equity Sale With Republic.co,https://www.investing.com/news/cryptocurrency-news/9/news/cryptocurrency-news/breaking-portal-announces-midnovember-public-equity-sale-with-republicco-2658788,CoinQuora,"Oct 28, 2021"
1,Volt Equity’s ‘Bitcoin revolution’ ETF goes live on NYSE today ,https://www.investing.com/news/cryptocurrency-news/9/news/cryptocurrency-news/volt-equitys-bitcoin-revolution-etf-goes-live-on-nyse-today-2658765,Cointelegraph,"Oct 28, 2021"
0,New Bitcoin hash rate highs remove any trace of China mining ban,https://www.investing.com/news/cryptocurrency-news/9/news/cryptocurrency-news/new-bitcoin-hash-rate-highs-remove-any-trace-of-china-mining-ban-2658732,Cointelegraph,"Oct 28, 2021"
0,Bitpanda taps former JP Morgan exec to lead fully-regulated crypto exchange ,https://www.investing.com/news/cryptocurrency-news/9/news/cryptocurrency-news/bitpanda-taps-former-jp-morgan-exec-to-lead-fullyregulated-crypto-exchange-2658721,Cointelegraph,"Oct 28, 2021"
-1,Bitcoin edges back above $60K as El Salvador buys the dip,https://www.investing.com/news/cryptocurrency-news/9/news/cryptocurrency-news/bitcoin-edges-back-above-60k-as-el-salvador-buys-the-dip-2658870,Investing.com,"Oct 28, 2021"
0,New Markets and Businesses Turn to Blockchain Technology,https://www.investing.com/news/cryptocurrency-news/9/news/cryptocurrency-news/new-markets-and-businesses-turn-to-blockchain-technology-2658710,DailyCoin,"Oct 28, 2021"
0,"El Salvador Buys the Dip, Now Holds 1120 Bitcoin",https://www.investing.com/news/cryptocurrency-news/9/news/cryptocurrency-news/el-salvador-buys-the-dip-now-holds-1120-bitcoin-2658689,CoinQuora,"Oct 28, 2021"
0,OpenSwap Announces New ‘Spot Price Queue’ Feature to Ensure Zero Slippage For Crypto Swaps,https://www.investing.com/news/cryptocurrency-news/10/news/cryptocurrency-news/openswap-announces-new-spot-price-queue-feature-to-ensure-zero-slippage-for-crypto-swaps-2658672,DailyCoin,"Oct 28, 2021"
0,Upbit to Compensate Investors for Polygon Mis-Deposits by October 17,https://www.investing.com/news/cryptocurrency-news/10/news/cryptocurrency-news/upbit-to-compensate-investors-for-polygon-misdeposits-by-october-17-2658671,CoinQuora,"Oct 28, 2021"
0,"1,256 Colored Shape NFTs Just Sold Out In One Hour",https://www.investing.com/news/cryptocurrency-news/10/news/cryptocurrency-news/1256-colored-shape-nfts-just-sold-out-in-one-hour-2658638,DailyCoin,"Oct 28, 2021"
1,Understanding the Fundamentals of Coinovy: Crypto-to-Fiat,https://www.investing.com/news/cryptocurrency-news/10/news/cryptocurrency-news/understanding-the-fundamentals-of-coinovy-cryptotofiat-2658637,CoinQuora,"Oct 28, 2021"
0,Bitcoin Falls Over 5% but Remains One of the World’s Top Ten Largest Assets,https://www.investing.com/news/cryptocurrency-news/10/news/cryptocurrency-news/bitcoin-falls-over-5-but-remains-one-of-the-worlds-top-ten-largest-assets-2658622,DailyCoin,"Oct 28, 2021"
0,Introducing Barchart for Excel – Barchart Launches Excel Service to Unlock the Power of Barchart.com,https://www.investing.com/news/cryptocurrency-news/10/news/cryptocurrency-news/introducing-barchart-for-excel--barchart-launches-excel-service-to-unlock-the-power-of-barchartcom-2658621,DailyCoin,"Oct 28, 2021"
0,Three GameStation IDOs Democratize $GAMER Public Sales for Gaming Community,https://www.investing.com/news/cryptocurrency-news/10/news/cryptocurrency-news/three-gamestation-idos-democratize-gamer-public-sales-for-gaming-community-2658620,CoinQuora,"Oct 28, 2021"
0,ACCOINTING.com Makes Calculating Your Crypto Taxes Easier than Ever Before,https://www.investing.com/news/cryptocurrency-news/10/news/cryptocurrency-news/accointingcom-makes-calculating-your-crypto-taxes-easier-than-ever-before-2658619,BTC Peers,"Oct 28, 2021"
0,"Nifty News: Wolf snaps up Punk, Disney NFTs, Economist mag cover fetches $422K...",https://www.investing.com/news/cryptocurrency-news/10/news/cryptocurrency-news/nifty-news-wolf-snaps-up-punk-disney-nfts-economist-mag-cover-fetches-422k-2658605,Cointelegraph,"Oct 28, 2021"
0,Shiba Inu Flips Dogecoin — Will SHIB Upturn Ripple (XRP) Soon?,https://www.investing.com/news/cryptocurrency-news/10/news/cryptocurrency-news/shiba-inu-flips-dogecoin--will-shib-upturn-ripple-xrp-soon-2658592,CoinQuora,"Oct 28, 2021"
0,SEO and Brand Mentions: A New Day in Search Engine Marketing,https://www.investing.com/news/cryptocurrency-news/10/news/cryptocurrency-news/seo-and-brand-mentions-a-new-day-in-search-engine-marketing-2658591,BTC Peers,"Oct 28, 2021"
1,FantomStarter offers GameFi projects insider access to the Metaverse on Fantom,https://www.investing.com/news/cryptocurrency-news/10/news/cryptocurrency-news/fantomstarter-offers-gamefi-projects-insider-access-to-the-metaverse-on-fantom-2658564,BTC Peers,"Oct 28, 2021"
0,"OKB (OKB): Price Updates, Recent Developments, Future Events, Community",https://www.investing.com/news/cryptocurrency-news/10/news/cryptocurrency-news/okb-okb-price-updates-recent-developments-future-events-community-2658541,DailyCoin,"Oct 28, 2021"
0,US gov attorneys to target individuals and gatekeepers for crypto prosecutions,https://www.investing.com/news/cryptocurrency-news/10/news/cryptocurrency-news/us-gov-attorneys-to-target-individuals-and-gatekeepers-for-crypto-prosecutions-2658539,Cointelegraph,"Oct 28, 2021"
-1,SEC reportedly knocks back Valkyrie's leveraged Bitcoin ETF,https://www.investing.com/news/cryptocurrency-news/10/news/cryptocurrency-news/sec-reportedly-knocks-back-valkyries-leveraged-bitcoin-etf-2658480,Cointelegraph,"Oct 28, 2021"
0,"Someone bought $3,400 worth of SHIB last August. It’s now worth $1.55 billion",https://www.investing.com/news/cryptocurrency-news/10/news/cryptocurrency-news/someone-bought-3400-worth-of-shib-last-august-its-now-worth-155-billion-2658467,Cointelegraph,"Oct 27, 2021"
0,El Salvador buys a smokin' hot 420 more Bitcoin,https://www.investing.com/news/cryptocurrency-news/10/news/cryptocurrency-news/el-salvador-buys-a-smokin-hot-420-more-bitcoin-2658460,Cointelegraph,"Oct 27, 2021"
0,Here’s why analysts say Bitcoin ETFs may ‘completely change the structure of the market’,https://www.investing.com/news/cryptocurrency-news/11/news/cryptocurrency-news/heres-why-analysts-say-bitcoin-etfs-may-completely-change-the-structure-of-the-market-2658453,Cointelegraph,"Oct 27, 2021"
0,Litecoin Falls 11% In Bearish Trade,https://www.investing.com/news/cryptocurrency-news/11/news/cryptocurrency-news/litecoin-falls-11-in-bearish-trade-2658404,Investing.com,"Oct 27, 2021"
0,Litecoin Falls 11% In Selloff,https://www.investing.com/news/cryptocurrency-news/11/news/cryptocurrency-news/litecoin-falls-11-in-selloff-2658402,Investing.com,"Oct 27, 2021"
1,Bitcoin price dip matches October 2017 with BTC ‘explosion’ still forecast before 2022,https://www.investing.com/news/cryptocurrency-news/11/news/cryptocurrency-news/bitcoin-price-dip-matches-october-2017-with-btc-explosion-still-forecast-before-2022-2658399,Cointelegraph,"Oct 27, 2021"
0,Litecoin transactions near an all-time high after gaining ground in consumer finance,https://www.investing.com/news/cryptocurrency-news/11/news/cryptocurrency-news/litecoin-transactions-near-an-alltime-high-after-gaining-ground-in-consumer-finance-2658395,Cointelegraph,"Oct 27, 2021"
0,Friday’s jaw-breaking $3.2B Bitcoin options expiry could kick-start a new rally,https://www.investing.com/news/cryptocurrency-news/11/news/cryptocurrency-news/fridays-jawbreaking-32b-bitcoin-options-expiry-could-kickstart-a-new-rally-2658381,Cointelegraph,"Oct 27, 2021"
0,Infrastructure platform Quicknode raises $35M in Series A financing,https://www.investing.com/news/cryptocurrency-news/11/news/cryptocurrency-news/infrastructure-platform-quicknode-raises-35m-in-series-a-financing-2658371,Cointelegraph,"Oct 27, 2021"
0,"Price analysis 10/27: BTC, ETH, BNB, ADA, SOL, XRP, DOT, DOGE, SHIB, LUNA",https://www.investing.com/news/cryptocurrency-news/11/news/cryptocurrency-news/price-analysis-1027-btc-eth-bnb-ada-sol-xrp-dot-doge-shib-luna-2658356,Cointelegraph,"Oct 27, 2021"
0,Voyager Digital will be crypto brokerage partner for Dallas Mavericks ,https://www.investing.com/news/cryptocurrency-news/11/news/cryptocurrency-news/voyager-digital-will-be-crypto-brokerage-partner-for-dallas-mavericks-2658351,Cointelegraph,"Oct 27, 2021"
0,"Mask Network, 1inch and Shiba Inu ignore Bitcoin’s downtrend, posting 20% gains",https://www.investing.com/news/cryptocurrency-news/11/news/cryptocurrency-news/mask-network-1inch-and-shiba-inu-ignore-bitcoins-downtrend-posting-20-gains-2658339,Cointelegraph,"Oct 27, 2021"
0,Binance Smart Chain surpasses 1.5 billion lifetime transactions,https://www.investing.com/news/cryptocurrency-news/11/news/cryptocurrency-news/binance-smart-chain-surpasses-15-billion-lifetime-transactions-2658312,Cointelegraph,"Oct 27, 2021"
1,Everipedia VORTECS™ Score hits record high ahead of upcoming NFT drop to IQ stakers ,https://www.investing.com/news/cryptocurrency-news/11/news/cryptocurrency-news/everipedia-vortecs-score-hits-record-high-ahead-of-upcoming-nft-drop-to-iq-stakers-2658244,Cointelegraph,"Oct 27, 2021"
0,Cosmos-based DEX Osmosis raises $21M from a consortium of investors,https://www.investing.com/news/cryptocurrency-news/11/news/cryptocurrency-news/cosmosbased-dex-osmosis-raises-21m-from-a-consortium-of-investors-2658175,Cointelegraph,"Oct 27, 2021"
0,Cream Finance suffers another major flash loan attack,https://www.investing.com/news/cryptocurrency-news/11/news/cryptocurrency-news/cream-finance-suffers-another-major-flash-loan-attack-2658113,BTC Peers,"Oct 27, 2021"
-1,Helium partners with Dish Network to expand its crypto-based distributed 5G platform,https://www.investing.com/news/cryptocurrency-news/11/news/cryptocurrency-news/helium-partners-with-dish-network-to-expand-its-cryptobased-distributed-5g-platform-2658059,Cointelegraph,"Oct 27, 2021"
0,"US regulators are exploring policy for banks to handle crypto, says FDIC chair",https://www.investing.com/news/cryptocurrency-news/11/news/cryptocurrency-news/us-regulators-are-exploring-policy-for-banks-to-handle-crypto-says-fdic-chair-2657930,Cointelegraph,"Oct 27, 2021"
0,Twitter CEO Jack Dorsey reiterates a positive outlook on Bitcoin tipping during earnings call,https://www.investing.com/news/cryptocurrency-news/11/news/cryptocurrency-news/twitter-ceo-jack-dorsey-reiterates-a-positive-outlook-on-bitcoin-tipping-during-earnings-call-2657915,Cointelegraph,"Oct 27, 2021"
0,"Don’t get bearish on Bitcoin just yet, says veteran trader who called 2018 crash",https://www.investing.com/news/cryptocurrency-news/12/news/cryptocurrency-news/dont-get-bearish-on-bitcoin-just-yet-says-veteran-trader-who-called-2018-crash-2657885,Cointelegraph,"Oct 27, 2021"
0,Putin’s internet ombudsman pessimistic about crypto regulation,https://www.investing.com/news/cryptocurrency-news/12/news/cryptocurrency-news/putins-internet-ombudsman-pessimistic-about-crypto-regulation-2657844,Cointelegraph,"Oct 27, 2021"
0,KYVE raise $2.8M to advance Web 3.0 data storage ,https://www.investing.com/news/cryptocurrency-news/12/news/cryptocurrency-news/kyve-raise-28m-to-advance-web-30-data-storage-2657827,Cointelegraph,"Oct 27, 2021"
1,"Bitcoin falls below $60,000 for the first time in over a week",https://www.investing.com/news/cryptocurrency-news/12/news/cryptocurrency-news/bitcoin-falls-below-60000-for-the-first-time-in-over-a-week-2657816,BTC Peers,"Oct 27, 2021"
0,Dubai regulators approve the listing of Bitcoin fund,https://www.investing.com/news/cryptocurrency-news/12/news/cryptocurrency-news/dubai-regulators-approve-the-listing-of-bitcoin-fund-2657815,BTC Peers,"Oct 27, 2021"
0,Biden's pick for CFTC chair wants the agency to be a 'beat cop' with the authority to oversee 60% of digital asset market,https://www.investing.com/news/cryptocurrency-news/12/news/cryptocurrency-news/bidens-pick-for-cftc-chair-wants-the-agency-to-be-a-beat-cop-with-the-authority-to-oversee-60-of-digital-asset-market-2657794,Cointelegraph,"Oct 27, 2021"
0,Shiba Inu could surpass Dogecoin after a 700% SHIB price rally in October,https://www.investing.com/news/cryptocurrency-news/12/news/cryptocurrency-news/shiba-inu-could-surpass-dogecoin-after-a-700-shib-price-rally-in-october-2657764,Cointelegraph,"Oct 27, 2021"
0,To the roots of mining: Bitcoin going green faster than ever,https://www.investing.com/news/cryptocurrency-news/12/news/cryptocurrency-news/to-the-roots-of-mining-bitcoin-going-green-faster-than-ever-2657742,Cointelegraph,"Oct 27, 2021"
0,"The Polkadot Brand Is Evolving, Community Decides Its Future",https://www.investing.com/news/cryptocurrency-news/12/news/cryptocurrency-news/the-polkadot-brand-is-evolving-community-decides-its-future-2657725,CoinQuora,"Oct 27, 2021"
0,BREAKING: Cream Finance appears to have suffered major loss in flash loan hack ,https://www.investing.com/news/cryptocurrency-news/12/news/cryptocurrency-news/breaking-cream-finance-appears-to-have-suffered-major-loss-in-flash-loan-hack-2657672,Cointelegraph,"Oct 27, 2021"
0,DBS Bank joins Hedera blockchain’s governing council ,https://www.investing.com/news/cryptocurrency-news/12/news/cryptocurrency-news/dbs-bank-joins-hedera-blockchains-governing-council-2657566,Cointelegraph,"Oct 27, 2021"
1,Dogecoin Conference rebrands as Hodl Assets and gets into fashion NFTs,https://www.investing.com/news/cryptocurrency-news/12/news/cryptocurrency-news/dogecoin-conference-rebrands-as-hodl-assets-and-gets-into-fashion-nfts-2657539,Cointelegraph,"Oct 27, 2021"
0,DeFi Platform Gluwa Has Been Selected for the Inclusive Fintech 50: 2021 Cohort,https://www.investing.com/news/cryptocurrency-news/12/news/cryptocurrency-news/defi-platform-gluwa-has-been-selected-for-the-inclusive-fintech-50-2021-cohort-2657529,DailyCoin,"Oct 27, 2021"
0,‘Along With the Gods’ Set to Release Play-to-Earn Model,https://www.investing.com/news/cryptocurrency-news/12/news/cryptocurrency-news/along-with-the-gods-set-to-release-playtoearn-model-2657528,CoinQuora,"Oct 27, 2021"
-1,Upgradable NFTs: How collaborations will leap forward,https://www.investing.com/news/cryptocurrency-news/12/news/cryptocurrency-news/upgradable-nfts-how-collaborations-will-leap-forward-2657497,Cointelegraph,"Oct 27, 2021"
0,"Win-To-Earn NFT Game, Duelist King Secures Over $1 Million",https://www.investing.com/news/cryptocurrency-news/12/news/cryptocurrency-news/wintoearn-nft-game-duelist-king-secures-over-1-million-2657464,CoinQuora,"Oct 27, 2021"
0,"India Will Soon Regulate Crypto With New Law Before Budget, Say Finance Minister",https://www.investing.com/news/cryptocurrency-news/12/news/cryptocurrency-news/india-will-soon-regulate-crypto-with-new-law-before-budget-say-finance-minister-2657463,CoinQuora,"Oct 27, 2021"
0,"BlueZilla-backed PulsePad IDO Brings a Game Changer to Smart Contracts, Sellout Anticipated",https://www.investing.com/news/cryptocurrency-news/13/news/cryptocurrency-news/bluezillabacked-pulsepad-ido-brings-a-game-changer-to-smart-contracts-sellout-anticipated-2657461,BTC Peers,"Oct 27, 2021"
0,"Privacy or policy? Why Facebook’s crypto wallet, Novi, is facing resistance ",https://www.investing.com/news/cryptocurrency-news/13/news/cryptocurrency-news/privacy-or-policy-why-facebooks-crypto-wallet-novi-is-facing-resistance-2657452,Cointelegraph,"Oct 27, 2021"
0,Putting a cap on decentralization: How regulation impacts DeFi adoption ,https://www.investing.com/news/cryptocurrency-news/13/news/cryptocurrency-news/putting-a-cap-on-decentralization-how-regulation-impacts-defi-adoption-2657430,Cointelegraph,"Oct 27, 2021"
1,Okcoin Reports 450% Year-over-Year Growth in Institutional Clientele,https://www.investing.com/news/cryptocurrency-news/13/news/cryptocurrency-news/okcoin-reports-450-yearoveryear-growth-in-institutional-clientele-2657412,DailyCoin,"Oct 27, 2021"
0,VeChain Soon To Explode To Newer Highs as It Records More Wins,https://www.investing.com/news/cryptocurrency-news/13/news/cryptocurrency-news/vechain-soon-to-explode-to-newer-highs-as-it-records-more-wins-2657411,CoinQuora,"Oct 27, 2021"
0,Immunefi to bolster DeFi security service with new funds,https://www.investing.com/news/cryptocurrency-news/13/news/cryptocurrency-news/immunefi-to-bolster-defi-security-service-with-new-funds-2657394,Cointelegraph,"Oct 27, 2021"
0,"XDEFI Wallet announces utility token $XDEFI, sets sights on IDO",https://www.investing.com/news/cryptocurrency-news/13/news/cryptocurrency-news/xdefi-wallet-announces-utility-token-xdefi-sets-sights-on-ido-2657365,DailyCoin,"Oct 27, 2021"
0,"Crypto Flipsider News – Robinhood Tanks, SHIB Gains Muscles, DOGE Wins Hearts, David Lynch Starts NFT Series",https://www.investing.com/news/cryptocurrency-news/13/news/cryptocurrency-news/crypto-flipsider-news--robinhood-tanks-shib-gains-muscles-doge-wins-hearts-david-lynch-starts-nft-series-2657323,DailyCoin,"Oct 27, 2021"
0,Tik-Tok Competitor Chingari Goes Crypto: Native Tokens To Be Sold in November,https://www.investing.com/news/cryptocurrency-news/13/news/cryptocurrency-news/tiktok-competitor-chingari-goes-crypto-native-tokens-to-be-sold-in-november-2657322,DailyCoin,"Oct 27, 2021"
0,"Dogs of Elon — A New Marketplace Is Launching Soon With 10,000 NFTs",https://www.investing.com/news/cryptocurrency-news/13/news/cryptocurrency-news/dogs-of-elon--a-new-marketplace-is-launching-soon-with-10000-nfts-2657321,CoinQuora,"Oct 27, 2021"
0,"US regulators are exploring policies that would allow banks to handle cryptos, FDIC Chair reveals",https://www.investing.com/news/cryptocurrency-news/13/news/cryptocurrency-news/us-regulators-are-exploring-policies-that-would-allow-banks-to-handle-cryptos-fdic-chair-reveals-2657320,BTC Peers,"Oct 27, 2021"
1,European Central Bank announces digital euro advisory group members ,https://www.investing.com/news/cryptocurrency-news/13/news/cryptocurrency-news/european-central-bank-announces-digital-euro-advisory-group-members-2657280,Cointelegraph,"Oct 27, 2021"
0,Cryptocurrencies Rising in Value While Becoming More Mainstream Day By Day,https://www.investing.com/news/cryptocurrency-news/13/news/cryptocurrency-news/cryptocurrencies-rising-in-value-while-becoming-more-mainstream-day-by-day-2657241,DailyCoin,"Oct 27, 2021"
0,"CoinFlip Supports the Fight Against Human Trafficking, Sponsors ATCC",https://www.investing.com/news/cryptocurrency-news/13/news/cryptocurrency-news/coinflip-supports-the-fight-against-human-trafficking-sponsors-atcc-2657239,DailyCoin,"Oct 27, 2021"
-1,NFT’s Market Liquidity Solved? Drops to Introduce NFT Lending Platform to Boost It,https://www.investing.com/news/cryptocurrency-news/13/news/cryptocurrency-news/nfts-market-liquidity-solved-drops-to-introduce-nft-lending-platform-to-boost-it-2657238,DailyCoin,"Oct 27, 2021"
0,ArcadeNetwork: Revolutionizing Gaming With Cross-Game and Cross-Chain Bridges,https://www.investing.com/news/cryptocurrency-news/13/news/cryptocurrency-news/arcadenetwork-revolutionizing-gaming-with-crossgame-and-crosschain-bridges-2657234,CoinQuora,"Oct 27, 2021"
0,OpenSwap’s New ‘Spot Price Queue’: A Game-Changer For On-Chain Swaps,https://www.investing.com/news/cryptocurrency-news/13/news/cryptocurrency-news/openswaps-new-spot-price-queue-a-gamechanger-for-onchain-swaps-2657232,CoinQuora,"Oct 27, 2021"
0,Ethereum 2.0 inches closer with the Beacon Chain’s Altair upgrade,https://www.investing.com/news/cryptocurrency-news/14/news/cryptocurrency-news/ethereum-20-inches-closer-with-the-beacon-chains-altair-upgrade-2657228,Cointelegraph,"Oct 27, 2021"
0,Why 2021 Has Been a Good Year For IPOs and SPACs So Far With More Expected,https://www.investing.com/news/cryptocurrency-news/14/news/cryptocurrency-news/why-2021-has-been-a-good-year-for-ipos-and-spacs-so-far-with-more-expected-2657162,DailyCoin,"Oct 27, 2021"
0,"Exclusive Interview With Igneus Terrenus, Head of Communications at Bybit",https://www.investing.com/news/cryptocurrency-news/14/news/cryptocurrency-news/exclusive-interview-with-igneus-terrenus-head-of-communications-at-bybit-2657161,CoinQuora,"Oct 27, 2021"
1,Dubai finance watchdog approves listing of Bitcoin fund,https://www.investing.com/news/cryptocurrency-news/14/news/cryptocurrency-news/dubai-finance-watchdog-approves-listing-of-bitcoin-fund-2657132,Cointelegraph,"Oct 27, 2021"
0,"Lark Says Shiba Inu Surpasses SOL, ADA, DOGE, and XRP in Trading Volume",https://www.investing.com/news/cryptocurrency-news/14/news/cryptocurrency-news/lark-says-shiba-inu-surpasses-sol-ada-doge-and-xrp-in-trading-volume-2657081,CoinQuora,"Oct 27, 2021"
0,"Latin America stands to benefit most from crypto, says Uphold exec",https://www.investing.com/news/cryptocurrency-news/14/news/cryptocurrency-news/latin-america-stands-to-benefit-most-from-crypto-says-uphold-exec-2657077,Cointelegraph,"Oct 27, 2021"
0,Slovenian finance ministry seeks public opinion on crypto tax laws,https://www.investing.com/news/cryptocurrency-news/14/news/cryptocurrency-news/slovenian-finance-ministry-seeks-public-opinion-on-crypto-tax-laws-2657042,Cointelegraph,"Oct 27, 2021"
0,Gluwa Network Wins the Inclusive Fintech 50 Event,https://www.investing.com/news/cryptocurrency-news/14/news/cryptocurrency-news/gluwa-network-wins-the-inclusive-fintech-50-event-2657026,CoinQuora,"Oct 27, 2021"
0,TON Swap DEX unveils long-term farming program,https://www.investing.com/news/cryptocurrency-news/14/news/cryptocurrency-news/ton-swap-dex-unveils-longterm-farming-program-2657025,BTC Peers,"Oct 27, 2021"
0,South Korean pension fund to invest in Bitcoin ETF: Report,https://www.investing.com/news/cryptocurrency-news/14/news/cryptocurrency-news/south-korean-pension-fund-to-invest-in-bitcoin-etf-report-2656986,Cointelegraph,"Oct 27, 2021"
0,FUD: The true meaning of Crypto language,https://www.investing.com/news/cryptocurrency-news/14/news/cryptocurrency-news/fud-the-true-meaning-of-crypto-language-2656942,DailyCoin,"Oct 27, 2021"
1,Tezos To Make a Smashing Appearance for NFTs on Adobe’s Behance,https://www.investing.com/news/cryptocurrency-news/14/news/cryptocurrency-news/tezos-to-make-a-smashing-appearance-for-nfts-on-adobes-behance-2656938,CoinQuora,"Oct 27, 2021"
0,Drops NFT Lending Platform Will Bridge Liquidity Gap,https://www.investing.com/news/cryptocurrency-news/14/news/cryptocurrency-news/drops-nft-lending-platform-will-bridge-liquidity-gap-2656936,CoinQuora,"Oct 27, 2021"
0,Shiba Inu surge continues as Robinhood hints at listing,https://www.investing.com/news/cryptocurrency-news/14/news/cryptocurrency-news/shiba-inu-surge-continues-as-robinhood-hints-at-listing-2656875,Investing.com,"Oct 27, 2021"
-1,Fantasy Trading: Everything You Should Know About the New Phenomenon,https://www.investing.com/news/cryptocurrency-news/14/news/cryptocurrency-news/fantasy-trading-everything-you-should-know-about-the-new-phenomenon-2656839,BTC Peers,"Oct 27, 2021"
0,Dubai regulator announces new regulations for investment tokens ,https://www.investing.com/news/cryptocurrency-news/14/news/cryptocurrency-news/dubai-regulator-announces-new-regulations-for-investment-tokens-2656836,Cointelegraph,"Oct 27, 2021"
0,PhoenixDAO Unveils Staking DApp For Earning Instant and Passive Crypto Rewards,https://www.investing.com/news/cryptocurrency-news/14/news/cryptocurrency-news/phoenixdao-unveils-staking-dapp-for-earning-instant-and-passive-crypto-rewards-2656809,CoinQuora,"Oct 27, 2021"
0,Bitfinex Offers Nuvei’s Crypto On-ramp Service in Bid to Capture Millions of New Users,https://www.investing.com/news/cryptocurrency-news/15/news/cryptocurrency-news/bitfinex-offers-nuveis-crypto-onramp-service-in-bid-to-capture-millions-of-new-users-2656783,DailyCoin,"Oct 27, 2021"
0,"After Raising $8.5 Million from Private Investors, Portal Announces Republic.co Offering",https://www.investing.com/news/cryptocurrency-news/15/news/cryptocurrency-news/after-raising-85-million-from-private-investors-portal-announces-republicco-offering-2656782,DailyCoin,"Oct 27, 2021"
0,FixStake Cloud Mining Provides Seamless Way to Earn Cryptocurrencies,https://www.investing.com/news/cryptocurrency-news/15/news/cryptocurrency-news/fixstake-cloud-mining-provides-seamless-way-to-earn-cryptocurrencies-2656781,CoinQuora,"Oct 27, 2021"
1,XRP Falls 11% In Selloff,https://www.investing.com/news/cryptocurrency-news/15/news/cryptocurrency-news/xrp-falls-11-in-selloff-2656759,Investing.com,"Oct 27, 2021"
0,Cardano Falls 15% In Bearish Trade,https://www.investing.com/news/cryptocurrency-news/15/news/cryptocurrency-news/cardano-falls-15-in-bearish-trade-2656756,Investing.com,"Oct 27, 2021"
0,EOS Falls 11% In Bearish Trade,https://www.investing.com/news/cryptocurrency-news/15/news/cryptocurrency-news/eos-falls-11-in-bearish-trade-2656746,Investing.com,"Oct 27, 2021"
0,FDIC Chair Says US Is Exploring Policies For Banks to Hold Bitcoin,https://www.investing.com/news/cryptocurrency-news/15/news/cryptocurrency-news/fdic-chair-says-us-is-exploring-policies-for-banks-to-hold-bitcoin-2656743,CoinQuora,"Oct 27, 2021"
0,Citi's bullish Coinbase target: 'Buy crypto's general store' ,https://www.investing.com/news/cryptocurrency-news/15/news/cryptocurrency-news/citis-bullish-coinbase-target-buy-cryptos-general-store-2656729,Cointelegraph,"Oct 27, 2021"
0,Multi-chain NFT Game Duelist King Raises $1m to Advance Win-to-Earn Model,https://www.investing.com/news/cryptocurrency-news/15/news/cryptocurrency-news/multichain-nft-game-duelist-king-raises-1m-to-advance-wintoearn-model-2656724,DailyCoin,"Oct 27, 2021"
0,Redditors cheer as GameStop assembles team of NFT experts,https://www.investing.com/news/cryptocurrency-news/15/news/cryptocurrency-news/redditors-cheer-as-gamestop-assembles-team-of-nft-experts-2656714,Cointelegraph,"Oct 27, 2021"
0,Puerto Rico sees resurgence of interest among crypto rich,https://www.investing.com/news/cryptocurrency-news/15/news/cryptocurrency-news/puerto-rico-sees-resurgence-of-interest-among-crypto-rich-2656697,Cointelegraph,"Oct 27, 2021"
1,"The Graph (GRT): Price Updates, Recent Developments, Future Events, Community",https://www.investing.com/news/cryptocurrency-news/15/news/cryptocurrency-news/the-graph-grt-price-updates-recent-developments-future-events-community-2656612,DailyCoin,"Oct 27, 2021"
0,"New Bitcoin ETFs filed: One for bears, the other with ‘leverage for ants’",https://www.investing.com/news/cryptocurrency-news/15/news/cryptocurrency-news/new-bitcoin-etfs-filed-one-for-bears-the-other-with-leverage-for-ants-2656599,Cointelegraph,"Oct 27, 2021"
0,FTX buys Super Bowl ad slot to promote crypto to a TV audience of 92M ,https://www.investing.com/news/cryptocurrency-news/15/news/cryptocurrency-news/ftx-buys-super-bowl-ad-slot-to-promote-crypto--to-a-tv-audience-of-92m-2656595,Cointelegraph,"Oct 26, 2021"
-1,Robinhood shares tank 10% after crypto revenue falls by three quarters,https://www.investing.com/news/cryptocurrency-news/15/news/cryptocurrency-news/robinhood-shares-tank-10-after-crypto-revenue-falls-by-three-quarters-2656579,Cointelegraph,"Oct 26, 2021"
0,"Bitcoin bull market ‘2nd leg has started,’ says BTC price model creator ",https://www.investing.com/news/cryptocurrency-news/15/news/cryptocurrency-news/bitcoin-bull-market-2nd-leg-has-started-says-btc-price-model-creator-2656527,Cointelegraph,"Oct 26, 2021"
0,Expanding ecosystem and $1.86B futures open interest back Solana’s $250 target,https://www.investing.com/news/cryptocurrency-news/15/news/cryptocurrency-news/expanding-ecosystem-and-186b-futures-open-interest-back-solanas-250-target-2656522,Cointelegraph,"Oct 26, 2021"
0,26 companies and advocacy groups call on Valve to reverse its blockchain games ban ,https://www.investing.com/news/cryptocurrency-news/16/news/cryptocurrency-news/26-companies-and-advocacy-groups-call-on-valve-to-reverse-its-blockchain-games-ban-2656518,Cointelegraph,"Oct 26, 2021"
0,Ethereum 2.0 imminent with the Beacon Chain’s Altair upgrade,https://www.investing.com/news/cryptocurrency-news/16/news/cryptocurrency-news/ethereum-20-imminent-with-the-beacon-chains-altair-upgrade-2656501,BTC Peers,"Oct 26, 2021"
0,"Layer 2 is the future of Ethereum scaling, says Vitalik Buterin",https://www.investing.com/news/cryptocurrency-news/16/news/cryptocurrency-news/layer-2-is-the-future-of-ethereum-scaling-says-vitalik-buterin-2656471,BTC Peers,"Oct 26, 2021"
1,Adobe offers users the ability to verify NFT marketplace creations through metadata,https://www.investing.com/news/cryptocurrency-news/16/news/cryptocurrency-news/adobe-offers-users-the-ability-to-verify-nft-marketplace-creations-through-metadata-2656466,Cointelegraph,"Oct 26, 2021"
0,Everipedia VORTECS™ Score hits record high ahead of upcoming NFT drop to IQ stakers ,https://www.investing.com/news/cryptocurrency-news/16/news/cryptocurrency-news/everipedia-vortecs-score-hits-record-high-ahead-of-upcoming-nft-drop-to-iq-stakers-2656366,Cointelegraph,"Oct 26, 2021"
0,Helium partners with Dish Network to expand its crypto-based distributed 5G platform,https://www.investing.com/news/cryptocurrency-news/16/news/cryptocurrency-news/helium-partners-with-dish-network-to-expand-its-cryptobased-distributed-5g-platform-2656230,Cointelegraph,"Oct 26, 2021"
0,Mariah Carey offers free $20 in Bitcoin to boost adoption campaign,https://www.investing.com/news/cryptocurrency-news/16/news/cryptocurrency-news/mariah-carey-offers-free-20-in-bitcoin-to-boost-adoption-campaign-2656198,BTC Peers,"Oct 26, 2021"
0,SEC to oversee the regulation of stablecoins,https://www.investing.com/news/cryptocurrency-news/16/news/cryptocurrency-news/sec-to-oversee-the-regulation-of-stablecoins-2656197,BTC Peers,"Oct 26, 2021"
0,Tesla might reenable Bitcoin payments,https://www.investing.com/news/cryptocurrency-news/16/news/cryptocurrency-news/tesla-might-reenable-bitcoin-payments-2656125,BTC Peers,"Oct 26, 2021"
0,"US regulators are exploring policy for banks to handle crypto, says FDIC chair",https://www.investing.com/news/cryptocurrency-news/16/news/cryptocurrency-news/us-regulators-are-exploring-policy-for-banks-to-handle-crypto-says-fdic-chair-2656120,Cointelegraph,"Oct 26, 2021"
0,"Secret, Curve and Shiba Inu gains suggest that altseason is coming",https://www.investing.com/news/cryptocurrency-news/16/news/cryptocurrency-news/secret-curve-and-shiba-inu-gains-suggest-that-altseason-is-coming-2656106,Cointelegraph,"Oct 26, 2021"
1,KYVE raise $2.8M to advance Web 3.0 data storage ,https://www.investing.com/news/cryptocurrency-news/16/news/cryptocurrency-news/kyve-raise-28m-to-advance-web-30-data-storage-2656047,Cointelegraph,"Oct 26, 2021"
0,A Crypto Project is Only as Strong as the Team that Backs It,https://www.investing.com/news/cryptocurrency-news/16/news/cryptocurrency-news/a-crypto-project-is-only-as-strong-as-the-team-that-backs-it-2656039,CoinQuora,"Oct 26, 2021"
0,NFL quarterback Tom Brady gives fan 1 BTC for his historic 600th-touchdown-pass ball,https://www.investing.com/news/cryptocurrency-news/16/news/cryptocurrency-news/nfl-quarterback-tom-brady-gives-fan-1-btc-for-his-historic-600thtouchdownpass-ball-2656001,Cointelegraph,"Oct 26, 2021"
-1,Bank of Spain issues registration guidelines for crypto services,https://www.investing.com/news/cryptocurrency-news/16/news/cryptocurrency-news/bank-of-spain-issues-registration-guidelines-for-crypto-services-2655977,Cointelegraph,"Oct 26, 2021"
0,Shiba Inu risks drop with SHIB's 574% October's price rally near exhaustion,https://www.investing.com/news/cryptocurrency-news/16/news/cryptocurrency-news/shiba-inu-risks-drop-with-shibs-574-octobers-price-rally-near-exhaustion-2655951,Cointelegraph,"Oct 26, 2021"
0,Rarible and Adobe form partnership aimed at protecting NFT creators ,https://www.investing.com/news/cryptocurrency-news/16/news/cryptocurrency-news/rarible-and-adobe-form-partnership-aimed-at-protecting-nft-creators-2655909,Cointelegraph,"Oct 26, 2021"
0,BTC price dips below $62K on VanEck Bitcoin ETF launch day,https://www.investing.com/news/cryptocurrency-news/17/news/cryptocurrency-news/btc-price-dips-below-62k-on-vaneck-bitcoin-etf-launch-day-2655852,Cointelegraph,"Oct 26, 2021"
0,Bitfinex Is on the Road to More Users With Nuvei Partnership,https://www.investing.com/news/cryptocurrency-news/17/news/cryptocurrency-news/bitfinex-is-on-the-road-to-more-users-with-nuvei-partnership-2655814,CoinQuora,"Oct 26, 2021"
0,Crypto unicorn: CoinList valued at $1.5B following $100M Series A ,https://www.investing.com/news/cryptocurrency-news/17/news/cryptocurrency-news/crypto-unicorn-coinlist-valued-at-15b-following-100m-series-a-2655807,Cointelegraph,"Oct 26, 2021"
1,Bridgewater's Ray Dalio Chooses Gold Over Bitcoin,https://www.investing.com/news/cryptocurrency-news/17/news/cryptocurrency-news/bridgewaters-ray-dalio-chooses-gold-over-bitcoin-2655763,U.Today,"Oct 26, 2021"
0,The FCA Registers Crypterium to Offer Its Crypto Services in UK,https://www.investing.com/news/cryptocurrency-news/17/news/cryptocurrency-news/the-fca-registers-crypterium-to-offer-its-crypto-services-in-uk-2655762,CoinQuora,"Oct 26, 2021"
0,Culture converges with blockchain as luxury fashion brands launch NFT collections,https://www.investing.com/news/cryptocurrency-news/17/news/cryptocurrency-news/culture-converges-with-blockchain-as-luxury-fashion-brands-launch-nft-collections-2655728,Cointelegraph,"Oct 26, 2021"
0,Cardano Projects Say Success Comes With Interconnectivity,https://www.investing.com/news/cryptocurrency-news/17/news/cryptocurrency-news/cardano-projects-say-success-comes-with-interconnectivity-2655706,CoinQuora,"Oct 26, 2021"
0,Elon Musk warns of ‘strong inflationary pressure’ as Tesla mulls Bitcoin payments,https://www.investing.com/news/cryptocurrency-news/17/news/cryptocurrency-news/elon-musk-warns-of-strong-inflationary-pressure-as-tesla-mulls-bitcoin-payments-2655697,Cointelegraph,"Oct 26, 2021"
0,Ampleforth integrates with Avalanche to introduce stablecoin alternative ,https://www.investing.com/news/cryptocurrency-news/17/news/cryptocurrency-news/ampleforth-integrates-with-avalanche-to-introduce-stablecoin-alternative-2655675,Cointelegraph,"Oct 26, 2021"
0,Minima Raises $6.5M to Build ‘The Most Decentralized Network.’,https://www.investing.com/news/cryptocurrency-news/17/news/cryptocurrency-news/minima-raises-65m-to-build-the-most-decentralized-network-2655665,DailyCoin,"Oct 26, 2021"
0,Study Finds Bitcoin Still Concentrated in a Few Hands,https://www.investing.com/news/cryptocurrency-news/17/news/cryptocurrency-news/study-finds-bitcoin-still-concentrated-in-a-few-hands-2655664,DailyCoin,"Oct 26, 2021"
1,"XDEFI Wallet Introduces $XDEFI Utility Token, Sets Sights on IDO",https://www.investing.com/news/cryptocurrency-news/17/news/cryptocurrency-news/xdefi-wallet-introduces-xdefi-utility-token-sets-sights-on-ido-2655663,CoinQuora,"Oct 26, 2021"
0,Immunefi to bolster DeFi security service with new funds,https://www.investing.com/news/cryptocurrency-news/17/news/cryptocurrency-news/immunefi-to-bolster-defi-security-service-with-new-funds-2655635,Cointelegraph,"Oct 26, 2021"
0,AGM Group Announces Strategic Partnership with Meten for Blockchain and Cryptocurrency Mining Business,https://www.investing.com/news/cryptocurrency-news/17/news/cryptocurrency-news/agm-group-announces-strategic-partnership-with-meten-for-blockchain-and-cryptocurrency-mining-business-2655597,DailyCoin,"Oct 26, 2021"
-1,‘Most Decentralized Network’ Minima Raises $6.5M in Series A Round,https://www.investing.com/news/cryptocurrency-news/17/news/cryptocurrency-news/most-decentralized-network-minima-raises-65m-in-series-a-round-2655592,CoinQuora,"Oct 26, 2021"
0,Elon’s Tesla May Recommence Accepting Cryptocurrency Soon,https://www.investing.com/news/cryptocurrency-news/17/news/cryptocurrency-news/elons-tesla-may-recommence-accepting-cryptocurrency-soon-2655534,CoinQuora,"Oct 26, 2021"
0,Tether trials Notabene’s new travel rule technology to combat financial crimes,https://www.investing.com/news/cryptocurrency-news/17/news/cryptocurrency-news/tether-trials-notabenes-new-travel-rule-technology-to-combat-financial-crimes-2655497,Cointelegraph,"Oct 26, 2021"
0,"Crypto Flipsider News – MasterCard Welcomes Crypto, Coinbase Backs Ripple, SEC Approaches the Stablecoins, Dorsey & Musk Fear Hyperinflation",https://www.investing.com/news/cryptocurrency-news/18/news/cryptocurrency-news/crypto-flipsider-news--mastercard-welcomes-crypto-coinbase-backs-ripple-sec-approaches-the-stablecoins-dorsey--musk-fear-hyperinflation-2655473,DailyCoin,"Oct 26, 2021"
0,Ethereum competitor Near launches $800M developer fund as DeFi competition heats up,https://www.investing.com/news/cryptocurrency-news/18/news/cryptocurrency-news/ethereum-competitor-near-launches-800m-developer-fund-as-defi-competition-heats-up-2655436,Cointelegraph,"Oct 26, 2021"
0,Dubai Announces New Regulations on Digital Asset Industry,https://www.investing.com/news/cryptocurrency-news/18/news/cryptocurrency-news/dubai-announces-new-regulations-on-digital-asset-industry-2655420,CoinQuora,"Oct 26, 2021"
1,"Gaming Tokens Are About to Rocket, Says Crypto Expert",https://www.investing.com/news/cryptocurrency-news/18/news/cryptocurrency-news/gaming-tokens-are-about-to-rocket-says-crypto-expert-2655354,CoinQuora,"Oct 26, 2021"
0,Why GameFi Tokens Will Be the Next Big Wave in Altcoins,https://www.investing.com/news/cryptocurrency-news/18/news/cryptocurrency-news/why-gamefi-tokens-will-be-the-next-big-wave-in-altcoins-2655304,CoinQuora,"Oct 26, 2021"
0,South Korean pension fund to invest in Bitcoin ETF: Report,https://www.investing.com/news/cryptocurrency-news/18/news/cryptocurrency-news/south-korean-pension-fund-to-invest-in-bitcoin-etf-report-2655282,Cointelegraph,"Oct 26, 2021"
0,Coinbase CEO Remains Positive on Ripple Case Against SEC,https://www.investing.com/news/cryptocurrency-news/18/news/cryptocurrency-news/coinbase-ceo-remains-positive-on-ripple-case-against-sec-2655240,CoinQuora,"Oct 26, 2021"
0,Valour Uniswap exchange-traded product to increase UNI exposure,https://www.investing.com/news/cryptocurrency-news/18/news/cryptocurrency-news/valour-uniswap-exchangetraded-product-to-increase-uni-exposure-2655207,Cointelegraph,"Oct 26, 2021"
0,UK FCA grants registration to crypto startup Crypterium,https://www.investing.com/news/cryptocurrency-news/18/news/cryptocurrency-news/uk-fca-grants-registration-to-crypto-startup-crypterium-2655178,Cointelegraph,"Oct 26, 2021"
0,Ethereum upcoming network upgrade helps coin outperform,https://www.investing.com/news/cryptocurrency-news/18/news/cryptocurrency-news/ethereum-upcoming-network-upgrade-helps-coin-outperform-2655155,Investing.com,"Oct 26, 2021"
0,Marvel Night Kicked Off Shanghai International Blockchain Week,https://www.investing.com/news/cryptocurrency-news/18/news/cryptocurrency-news/marvel-night-kicked-off-shanghai-international-blockchain-week-2655149,DailyCoin,"Oct 26, 2021"
1,"Ethereum Whale Bought 276,592,553,073 SHIB, Is Something Big Coming?",https://www.investing.com/news/cryptocurrency-news/18/news/cryptocurrency-news/ethereum-whale-bought-276592553073-shib-is-something-big-coming-2655148,CoinQuora,"Oct 26, 2021"
0,Dubai regulator announces new regulations for investment tokens ,https://www.investing.com/news/cryptocurrency-news/18/news/cryptocurrency-news/dubai-regulator-announces-new-regulations-for-investment-tokens-2655144,Cointelegraph,"Oct 26, 2021"
0,GBTC delivered better returns than Bitcoin ETFs last week,https://www.investing.com/news/cryptocurrency-news/18/news/cryptocurrency-news/gbtc-delivered-better-returns-than-bitcoin-etfs-last-week-2655129,Cointelegraph,"Oct 26, 2021"
-1,CryptoDragons — The Real Dragons of the NFT World,https://www.investing.com/news/cryptocurrency-news/18/news/cryptocurrency-news/cryptodragons--the-real-dragons-of-the-nft-world-2655089,CoinQuora,"Oct 26, 2021"
0,"SuperRare has fewer buyers, but they purchase more expensive NFTs, data shows",https://www.investing.com/news/cryptocurrency-news/18/news/cryptocurrency-news/superrare-has-fewer-buyers-but-they-purchase-more-expensive-nfts-data-shows-2655079,Cointelegraph,"Oct 26, 2021"
0,"Mastercard Teams with Bakkt to Provide Crypto Services to U.S. Merchants, Fintech, and Consumers",https://www.investing.com/news/cryptocurrency-news/18/news/cryptocurrency-news/mastercard-teams-with-bakkt-to-provide-crypto-services-to-us-merchants-fintech-and-consumers-2655072,DailyCoin,"Oct 26, 2021"
0,Auction of Bitcoins Seized in the Fight Against Cybercrime in Germany,https://www.investing.com/news/cryptocurrency-news/19/news/cryptocurrency-news/auction-of-bitcoins-seized-in-the-fight-against-cybercrime-in-germany-2655071,DailyCoin,"Oct 26, 2021"
0,Ripple Collabs With Pyypl to Expand ODL Services in MENA Region,https://www.investing.com/news/cryptocurrency-news/19/news/cryptocurrency-news/ripple-collabs-with-pyypl-to-expand-odl-services-in-mena-region-2655069,CoinQuora,"Oct 26, 2021"
0,"Roughly 11,000 entities represent 55% of Bitcoin’s on-chain volume",https://www.investing.com/news/cryptocurrency-news/19/news/cryptocurrency-news/roughly-11000-entities-represent-55-of-bitcoins-onchain-volume-2655051,Cointelegraph,"Oct 26, 2021"
1,OlympusDAO developer launches protocol enabling one-to-one stablecoin swaps ,https://www.investing.com/news/cryptocurrency-news/19/news/cryptocurrency-news/olympusdao-developer-launches-protocol-enabling-onetoone-stablecoin-swaps-2655025,Cointelegraph,"Oct 26, 2021"
0,Breaking: SOL Climbing Ranks — Finally Flipped XRP,https://www.investing.com/news/cryptocurrency-news/19/news/cryptocurrency-news/breaking-sol-climbing-ranks--finally-flipped-xrp-2655018,CoinQuora,"Oct 26, 2021"
0,Buyers shell out $7M for unseen NFT collection ,https://www.investing.com/news/cryptocurrency-news/19/news/cryptocurrency-news/buyers-shell-out-7m-for-unseen-nft-collection-2655000,Cointelegraph,"Oct 26, 2021"
0,The Battle of the Fittest: Cardano or Polkadot,https://www.investing.com/news/cryptocurrency-news/19/news/cryptocurrency-news/the-battle-of-the-fittest-cardano-or-polkadot-2654995,DailyCoin,"Oct 26, 2021"
0,Okcoin reports altcoins drove institutional interest in crypto for 2021,https://www.investing.com/news/cryptocurrency-news/19/news/cryptocurrency-news/okcoin-reports-altcoins-drove-institutional-interest-in-crypto-for-2021-2654991,Cointelegraph,"Oct 26, 2021"
0,Pro sports leagues are no longer resisting NFTs: Dapper Labs ,https://www.investing.com/news/cryptocurrency-news/19/news/cryptocurrency-news/pro-sports-leagues-are-no-longer-resisting-nfts-dapper-labs-2654976,Cointelegraph,"Oct 26, 2021"
0,Stellar partners tap USDC for remittances between Europe and Africa,https://www.investing.com/news/cryptocurrency-news/19/news/cryptocurrency-news/stellar-partners-tap-usdc-for-remittances-between-europe-and-africa-2654966,Cointelegraph,"Oct 26, 2021"
0,CFTC reportedly investigating decentralized prediction platform Polymarket,https://www.investing.com/news/cryptocurrency-news/19/news/cryptocurrency-news/cftc-reportedly-investigating-decentralized-prediction-platform-polymarket-2654956,Cointelegraph,"Oct 26, 2021"
1,SEC expected to head U.S. stablecoin regulation and enforcement,https://www.investing.com/news/cryptocurrency-news/19/news/cryptocurrency-news/sec-expected-to-head-us-stablecoin-regulation-and-enforcement-2654934,Cointelegraph,"Oct 26, 2021"
0,Bakkt shares skyrocket after partnering with Mastercard and Fiserv,https://www.investing.com/news/cryptocurrency-news/19/news/cryptocurrency-news/bakkt-shares-skyrocket-after-partnering-with-mastercard-and-fiserv-2654929,Cointelegraph,"Oct 26, 2021"
0,"KuCoin Token (KCS): Price Updates, Recent Developments, Future Events, Community",https://www.investing.com/news/cryptocurrency-news/19/news/cryptocurrency-news/kucoin-token-kcs-price-updates-recent-developments-future-events-community-2654913,DailyCoin,"Oct 26, 2021"
-1,Telsa hints it may soon resume support for crypto payments,https://www.investing.com/news/cryptocurrency-news/19/news/cryptocurrency-news/telsa-hints-it-may-soon-resume-support-for-crypto-payments-2654896,Cointelegraph,"Oct 25, 2021"
0,3 reasons why Harmony (ONE) rallied to a new all-time high,https://www.investing.com/news/cryptocurrency-news/19/news/cryptocurrency-news/3-reasons-why-harmony-one-rallied-to-a-new-alltime-high-2654886,Cointelegraph,"Oct 25, 2021"
0,Is excessive bullish optimism behind Bitcoin’s drop below $60K?,https://www.investing.com/news/cryptocurrency-news/19/news/cryptocurrency-news/is-excessive-bullish-optimism-behind-bitcoins-drop-below-60k-2654873,Cointelegraph,"Oct 25, 2021"
