Unnamed: 0,id,author,vader,title,created_utc,num_comments,score
1,ejhuum,NiceAccount74,0.0,Doge banknotes tied to dogecoin,1578069414,1,2
4,ejf9kq,Remote_Atmosphere,0.4767, Discount for Commission For you my crypto friends,1578057325,1,1
7,ej7t5a,SpiritDragon,0.8442,ShowerThought DogeCoin is better than the majority of other coins for actual commerce without being directly pegged to FIAT due to high popularity and low volatility which ironically comes from the wide belief it is a joke coin,1578014390,16,78
9,ej5ycm,SensibleHumanBeing,0.5719,If doge wins meme of the decade,1578006163,4,16
18,eiqsbb,SoiledCold5,0.3182, of Satoshis original coins were just consolidated into a single address,1577926902,15,1
21,eioe2h,Emziyyyy,0.6124,ez money,1577915498,0,1
22,eiod3j,rotatedbutthole,0.0,Why dont they cap doge,1577915374,16,1
23,eijg0v,DisObeyTheGravity,0.7213,The Complete Guide on How Traders HODL Their Positions And Hit The Jackpot,1577892412,0,1
24,eihlqt,1DogeIs1Doge1,-0.4588,The year we make the slogan  Doge   Doge a slogan that does down in history,1577879532,0,1
25,eih4ve,wavygodtony,0.2023,Whats up with the huge drop in price these past  months,1577875629,5,1
26,eicajr,revuprender,0.8658,Happy New Year To the moon,1577843308,0,1
27,eibule,SXNXW,0.8658,Happy  To The Moon ,1577840942,0,1
30,ei73iy,ohdatsbudd,0.4588,TOP DOG,1577818521,4,1
35,ekxl40,blue_pinapples,-0.4588,Zero principle Loss Investing,1578333332,0,1
37,ekt9oc,georgeforeham,0.0,The Worlds Most Cryptofriendly Countries,1578312281,1,1
54,ejyl7q,king5765,0.3612,Insurance Explained  How Do Insurance Companies Make Money and How Do They Work,1578154884,2,1
57,ejvxnx,viraceme,0.8481,Dogecoin up  wow such gains,1578139812,0,1
59,ejvpoh,GaryLittlemore,0.7184,I can smell the moon,1578138195,24,154
63,ejjyj8,xxhydrax,0.6249,Stay awesome doges,1578078200,3,2
64,envmw9,Witiko88,0.0,Old coins,1578872405,4,1
73,en5sjm,ninanl,0.0,Doge is Aliiiiive ,1578737841,0,1
74,en5azx,Kristjan2809,0.7184,Looking to buy dogecoin for CSGO skins,1578734005,6,1
75,emzm95,pirranatitties,0.0,Doge to  USD,1578701098,24,1
77,emtfmh,1DogeIs1Doge1,0.0,Elon Musk Dogecoin tweet,1578674269,6,1
79,empel0,viraceme,-0.3804,Elon Musk just tweeted the most bizarre thing about Bitcoin,1578653708,0,1
80,emp75o,SaneFive,-0.3804,Elon Musk just tweeted the most bizarre thing about Bitcoin and Dogecoin,1578652345,2,1
83,emor6q,1DogeIs1Doge1,0.743,Looks like the website is going to be on one of the race tracks on the new Doge Racer update Much Advertisement Much wow,1578649314,0,1
84,emogso,khalberge,-0.3412,Bitcoin is not My Safe Word Tesla Founder Elon Musk,1578647237,0,1
90,emeu80,Zipmex,0.0772,Do you want doge to list on Zipmex Cryptocurrency Exchange,1578599277,0,1
94,em9qbv,DisObeyTheGravity,0.0, MILLION BY  BITCOIN MATH WITH MCAFEE,1578577020,1,1
99,em6tdl,CEO_OF_DOGECOIN,-0.4588,Doge just caused me to lose a game of Uno,1578557965,0,1
100,elztaf,Individual_Feeling,0.8353,wow amazing opportunity I get more coins wtf cool,1578521375,3,1
101,elyvjn,Mastermind_92,0.6739,Startup Survey  Market Research WIN  USD on Paypal,1578517508,0,1
102,elyidx,metastream,0.4767,Crypto Giveaway  winners  DOGE each,1578515999,2,1
108,elowzp,DisObeyTheGravity,-0.4588,GOLD Price Drops and Bitcoin Price Increases with Fear of WWIII,1578464685,2,1
112,eljcg4,_nformant,-0.3182,Stable coin People are outraged,1578437816,4,1
116,elgroy,Kristjan2809,0.8271,I need help buying doge,1578427168,15,1
120,elakva,MittyTuna,0.7184,If I buy a Moonlander  what do I do,1578398005,10,1
126,eqrl4p,linkrblx12,0.0772,Pls I need doge coin,1579406971,0,1
127,eqpq5j,Leoak47,0.0,Little doge running circles around these cryptos,1579396958,5,1
128,eqppag,Leoak47,0.0,Little doge running circles around all crypto,1579396841,1,1
129,eqnl6w,zeeeeeeeeen,0.0,Hi all doges,1579387060,2,1
130,eqlc62,GaryLittlemore,0.0,Dogecoin Up Bitcoin and Litecoin Down,1579377059,1,1
133,eqjxv3,rettech82,0.7184,Dodge to the moon,1579371125,2,1
136,eqi8rz,Vhici4096,0.0,Lets Make Doge Coin Mainstream,1579363993,44,1
138,eqgy5v,DisObeyTheGravity,0.5994,Crypto vs RBI  Days of Intense Supreme Court Hearings,1579357430,0,1
140,eqdcmt,rmatherson,0.0,Can someone explain the current state of the Doge network,1579331679,0,1
141,eqcz9t,Kolownik,0.4404,North Koreas nd Annual Crypto Conference is Almost Here And You Better NOT Be There,1579329043,0,1
143,eq91ms,Dolusiion,0.7184,Dogecoin to the moon,1579306805,6,1
145,eq7u13,Kyle772,0.3612,Just got a hold of a CNC machine and made my first physical dogecoin,1579301097,7,1
146,eq5lrp,elvisshow,0.871,Much Moon So high,1579291434,3,1
149,eq1onr,leodavincis,0.8402,Suit up we go to moon ,1579274368,1,1
150,eq1588,DogecoinFah,0.0,Toss a coin,1579271784,19,1
151,eq12jm,cUrrencyofchoice3,0.0,The coin for the masses,1579271418,2,1
156,epm40z,csybnb,0.4588,Dogecoin Records a  Surge Over the Last  Days,1579194212,1,1
162,epdj6m,CattleFamine,0.743,In response to the To the moon Post Were you on the Challenge,1579145259,3,1
164,ep9n3h,OfficialYomojo,0.0,MonetizeForums The online community forum for all your moneymaking needs,1579127361,0,1
165,ep8sng,FEVERISHJOKER,0.6486,What is up with dogecoin  increase,1579123830,6,1
170,ep2psl,SlashOrSlice,0.7184,To the moon,1579097131,22,1
171,ep1gqv,georgeforeham,0.6369,Best list of Websites to Find Crypto Jobs,1579089866,1,1
172,eoxlxq,mrsotkogaming,0.0,Craig Wright Receives Final Ecryption Slice To Claim  Million BTC,1579063640,1,1
173,eow3nx,DisObeyTheGravity,0.7906,Crypto Markets Surge as Sign of Bitcoin Bull Runs Returns,1579056170,0,1
179,eop611,rmhayward32,0.0,Whats with the sudden jump in Doge ,1579026394,4,1
182,eohii2,317locc,0.3182,Me when DOGE hits one hollar,1578983176,22,1
185,eo94cu,sgsantos,0.0,Staking Doge,1578944681,6,1
187,eo7gbt,Hakunatime,0.3182,A cool new one GAME for wining Doges,1578937444,1,1
191,enyhhn,nerotreppog,0.0,Use your Doges to get a portrait of your Doge,1578886149,5,1
202,ersw3v,Llola5,0.0,Binapex REDUCED MARKET FEES TO ,1579603362,2,1
205,ernz6i,mrsotkogaming,-0.6124,Peter Schiff Loses All His Bitcoin Blames Bitcoin,1579573419,10,1
206,ermcyq,csybnb,0.5994,Doge vs humansimply marvelous,1579565662,0,1
216,ercg1n,lookingroom11,0.0,Vintage Dogecoin Crypto TS h i r t,1579522290,1,1
223,er393n,Invisiblevisions,-0.7184,Selling,1579471951,7,1
226,er0izf,CoinSavage,0.0,Acorns for Crypto adds DOGEroundup spare change into DOGE,1579460502,0,1
228,eqwlnt,uninspired_doge,0.7184,Question About Futurebit Moon Lander ,1579442674,6,1
229,eqtnxl,_nformant,0.4215,A nice list scamdeceased coin,1579421399,5,1
234,etakxd,BasedDogecoinBuyer,0.9833,New to Dogecoin here Ive picked up Robinhood as a good way to put my bonus away and grow and I found Dogecoin and love the community aspect of it Just accidentally bought around  Doge equaling  doge Thanks upswipe mechanic To the moon Wow Very spend Such community,1579873440,2,1
235,et4wzt,supercdavis4,0.0,Coronavirus and Crypto,1579838226,2,1
237,et2hds,FishyFish13,0.7184,On average how long does it take for coins from faucets to show up,1579826500,1,1
239,esz1i7,xXShadow2000Xx,-0.5267,For Hire Learn High Leverage Trading in my Discord X   BTC K DOGE discord alone  M DOGE on consultation or  BTC M DOGE monthly for longterm mentoring,1579811946,11,1
241,esxrtc,The_Band_Geek,0.7184,Just so we all know what the plan is when we get to the moon,1579806703,2,1
246,esrrhd,georgeforeham,0.0,President Xi Could Crackdown on Chinese Crypto Twitter,1579778606,0,1
247,esogc8,katewebb0247,0.4215,Bitcoin Opportunity,1579755734,0,1
248,esnbz4,TargetChef,0.0,Doge newbie hodler here Can someone tell me when binance,1579749634,0,1
252,eskt4s,SweetMemory4,0.0,When your doge coin drops,1579738368,13,1
254,esjsq2,Red5point1,0.4588,When someone posts an idea to make the price go up,1579733907,1,1
256,eshzej,SweetMemory4,0.4588,When your doge coin is up,1579726262,3,1
258,esgr2x,WarmPhotojournalist9,0.7351,Play and Win DOGES,1579721006,1,1
263,esa81s,DiggingTech,0.0,A DOGE Breakout Is Predicted by the Wyckoff Method,1579689781,2,1
265,es8vvl,stormvosje,0.8754,my mom said i cant reach thousand dogecoins becuase you guys wouldnt give me that amount but if anyone makes a donation of  and even better  i can win from here and she buys me a ledger DRzHjZhZvoBChqYFGEsMVjPKULHoA,1579679786,1,1
267,euznhw,Dogeinvestor2021,0.7184,Can someone buy doge in colombia ,1580181312,10,1
269,eushz2,saidever1988,0.2342,DOGECOIN AL INSTANTEEN DOGE EMPIRESatoshi Empire  DHS GRATIS,1580151570,0,1
272,eukyja,Ituglobal,-0.4588,Cryptocurrencies Retest Lost Ground as Coins Slowly Recover,1580112036,0,1
274,euej4s,just4cash84,0.6808,Help this poor guy buy netflix,1580079231,3,1
276,eu6ilh,rezasedighi396,0.8402,plese help me i want buy wheelchair for my moder DOGE DRSBKLZjxmhAZojBnQLKPVxmoi,1580044269,1,1
279,eu44ao,real_kawaiicrypto,0.0,Zergpool has added DOGE as a guaranteed payout coin,1580026495,1,1
287,etslzq,Legion_Metal,0.0,Doge,1579968668,10,1
295,ewis4v,chillfactor0,0.0,I finally owm all the Doges,1580444725,5,1
296,ewik2n,swimmyIgnacio,0.7184,To the moon ,1580443680,2,1
298,ewgfyu,SweetMemory4,0.0,When doge coin be trades you,1580434434,0,3
299,ewcc8e,Conor-B,0.0,Im new into crypto advises,1580418554,2,1
300,ewcbbu,[deleted],0.0,LUCKYGAMES BITCOIN GAMES AND Cryptocurrencies,1580418463,0,1
301,ewa0lg,Reley12,0.0,Doge live,1580409402,1,1
311,evqew8,pksoni,0.8555,Bitcoin Cryptocurrency Long Term Capital FIFO Gain Excel Calculator,1580320709,0,1
314,evnqfv,Stock-Plant,0.0,Crypto Roulette Dice Slots Trial Game Only Today,1580308896,0,1
316,evkt6k,Dogeinvestor2021,0.6369,Doge is the best crypto for adoption,1580291046,1,1
321,eviyzq,Paul_Quinn,0.0,Hey how you doing Im new Doge coin stonker now,1580278599,0,1
322,evicpq,Dogeinvestor2021,0.0,Judy Shelton is pro crypto,1580275038,0,1
328,eveh6a,theosw,0.7184,Looking to buy a few,1580256882,3,0
332,evag9s,HattieLopez,0.0,Vintage Dogecoin Crypto,1580240778,4,3
333,ev9y0m,polagon,0.0,Dogecoin listed on Go CryptoMarket realtime prices for DOGEUSD,1580238637,0,1
334,ev9mfl,csybnb,0.5994,Super Doge,1580237289,2,1
337,ev5m2a,CyproKing,0.0,Newbie to Dogecoin and Crypto,1580218150,0,1
